P,DB,Issue,Type,Q,Answer,Time,SGLT,mental,physical,temporal,performance,effort,frustration,avg_others,avg_all
f118ebdd7e9350d704d9f91ee7de2702,3,Order&Grouping,Baseline,1,0,5.33,0,14,10,6,14,10,14,10.8,11.33
f118ebdd7e9350d704d9f91ee7de2702,2,InforOverload,Intervention,1,1,8.53,0,6,2,4,20,4,10,5.2,7.67
f118ebdd7e9350d704d9f91ee7de2702,1,InforOverload,Baseline,1,0,2.25,0,1,1,1,20,0,0,0.6,3.83
f118ebdd7e9350d704d9f91ee7de2702,3,Order&Grouping,Baseline,2,0,7.85,0,10,10,6,20,10,18,10.8,12.33
f118ebdd7e9350d704d9f91ee7de2702,7,DataUnderstanding,Baseline,2,1,8.82,0,4,4,2,8,5,14,5.8,6.17
f118ebdd7e9350d704d9f91ee7de2702,4,Order&Grouping,Intervention,2,1,8.67,0,6,10,2,20,4,3,5,7.50
f118ebdd7e9350d704d9f91ee7de2702,2,InforOverload,Intervention,2,1,5.8,0,16,13,6,20,6,10,10.2,11.83
f118ebdd7e9350d704d9f91ee7de2702,5,DataPresentation,Baseline,1,1,4.15,0,8,8,6,12,7,11,8,8.67
f118ebdd7e9350d704d9f91ee7de2702,6,DataPresentation,Intervention,1,1,2.1,0,2,2,2,20,2,0,1.6,4.67
f118ebdd7e9350d704d9f91ee7de2702,7,DataUnderstanding,Baseline,1,0,4.43,0,4,4,3,10,3,10,4.8,5.67
f118ebdd7e9350d704d9f91ee7de2702,8,DataUnderstanding,Intervention,1,0,6.5,0,10,12,4,4,8,10,8.8,8.00
f118ebdd7e9350d704d9f91ee7de2702,8,DataUnderstanding,Intervention,2,1,6.28,0,8,8,4,18,3,10,6.6,8.50
f118ebdd7e9350d704d9f91ee7de2702,1,InforOverload,Baseline,2,1,2.55,0,4,6,4,20,2,0,3.2,6.00
f118ebdd7e9350d704d9f91ee7de2702,5,DataPresentation,Baseline,2,0,5.17,0,12,2,2,10,6,14,7.2,7.67
f118ebdd7e9350d704d9f91ee7de2702,6,DataPresentation,Intervention,2,0,3.4,0,10,6,4,9,5,12,7.4,7.67
f118ebdd7e9350d704d9f91ee7de2702,4,Order&Grouping,Intervention,1,0,3.7,0,4,7,3,17,3,6,4.6,6.67
baa65da3618ecc0203e2163032046969,4,Order&Grouping,Intervention,1,0,3.98,2,2,0,2,19,4,10,3.6,6.17
baa65da3618ecc0203e2163032046969,3,Order&Grouping,Baseline,1,1,3.87,2,5,1,7,18,4,6,4.6,6.83
baa65da3618ecc0203e2163032046969,8,DataUnderstanding,Intervention,2,1,3.42,2,3,1,7,19,5,6,4.4,6.83
baa65da3618ecc0203e2163032046969,5,DataPresentation,Baseline,2,0,5.1,2,11,1,8,19,10,10,8,9.83
baa65da3618ecc0203e2163032046969,4,Order&Grouping,Intervention,2,0,6.18,2,12,2,5,16,10,11,8,9.33
baa65da3618ecc0203e2163032046969,7,DataUnderstanding,Baseline,2,1,4.02,2,10,2,10,18,10,11,8.6,10.17
baa65da3618ecc0203e2163032046969,5,DataPresentation,Baseline,1,0,2.78,2,7,2,7,18,6,9,6.2,8.17
baa65da3618ecc0203e2163032046969,6,DataPresentation,Intervention,1,0,1.77,2,9,2,18,14,11,8,9.6,10.33
baa65da3618ecc0203e2163032046969,1,InforOverload,Baseline,2,1,1.93,2,4,0,2,19,2,1,1.8,4.67
baa65da3618ecc0203e2163032046969,1,InforOverload,Baseline,1,0,1.73,2,7,0,6,18,2,2,3.4,5.83
baa65da3618ecc0203e2163032046969,2,InforOverload,Intervention,2,1,3.42,2,4,1,10,18,9,12,7.2,9.00
baa65da3618ecc0203e2163032046969,3,Order&Grouping,Baseline,2,1,8.05,2,12,2,13,16,18,16,12.2,12.83
baa65da3618ecc0203e2163032046969,2,InforOverload,Intervention,1,1,1.75,2,3,0,2,19,2,2,1.8,4.67
baa65da3618ecc0203e2163032046969,7,DataUnderstanding,Baseline,1,1,5.55,2,9,1,14,16,13,13,10,11.00
baa65da3618ecc0203e2163032046969,6,DataPresentation,Intervention,2,1,3.7,2,10,1,6,17,9,10,7.2,8.83
baa65da3618ecc0203e2163032046969,8,DataUnderstanding,Intervention,1,0,6.5,2,18,2,17,0,17,19,14.6,12.17
4be9bf38a921f0512e97cb114e70686f,6,DataPresentation,Intervention,2,0,4,2,14,8,18,6,14,18,14.4,13.00
4be9bf38a921f0512e97cb114e70686f,2,InforOverload,Intervention,1,1,3.57,2,2,2,6,10,14,4,5.6,6.33
4be9bf38a921f0512e97cb114e70686f,4,Order&Grouping,Intervention,1,0,3.92,2,10,4,8,10,8,2,6.4,7.00
4be9bf38a921f0512e97cb114e70686f,3,Order&Grouping,Baseline,1,1,4.93,2,6,4,4,14,8,4,5.2,6.67
4be9bf38a921f0512e97cb114e70686f,4,Order&Grouping,Intervention,2,0,4.9,2,8,12,6,10,8,4,7.6,8.00
4be9bf38a921f0512e97cb114e70686f,1,InforOverload,Baseline,2,1,2.03,2,6,1,1,16,6,1,3,5.17
4be9bf38a921f0512e97cb114e70686f,3,Order&Grouping,Baseline,2,1,4.93,2,8,2,4,10,6,16,7.2,7.67
4be9bf38a921f0512e97cb114e70686f,1,InforOverload,Baseline,1,1,5.3,2,9,8,4,14,16,16,10.6,11.17
4be9bf38a921f0512e97cb114e70686f,2,InforOverload,Intervention,2,1,3,2,2,2,2,14,4,1,2.2,4.17
4be9bf38a921f0512e97cb114e70686f,8,DataUnderstanding,Intervention,1,1,4.6,2,6,6,2,10,14,18,9.2,9.33
4be9bf38a921f0512e97cb114e70686f,5,DataPresentation,Baseline,1,0,5.08,2,6,2,10,8,14,12,8.8,8.67
4be9bf38a921f0512e97cb114e70686f,5,DataPresentation,Baseline,2,0,2.75,2,6,2,6,14,6,18,7.6,8.67
4be9bf38a921f0512e97cb114e70686f,8,DataUnderstanding,Intervention,2,1,2.87,2,1,1,4,16,1,1,1.6,4.00
4be9bf38a921f0512e97cb114e70686f,7,DataUnderstanding,Baseline,1,0,6.7,2,16,12,8,1,8,20,12.8,10.83
4be9bf38a921f0512e97cb114e70686f,6,DataPresentation,Intervention,1,1,1.67,2,2,2,1,18,2,1,1.6,4.33
4be9bf38a921f0512e97cb114e70686f,7,DataUnderstanding,Baseline,2,1,3.53,2,4,2,2,14,6,10,4.8,6.33
45abfdf3a3fd6f051089806e590aeb45,7,DataUnderstanding,Baseline,1,0,10.48,1,8,6,10,8,16,12,10.4,10.00
45abfdf3a3fd6f051089806e590aeb45,6,DataPresentation,Intervention,2,1,3.7,1,1,1,1,20,0,0,0.6,3.83
45abfdf3a3fd6f051089806e590aeb45,8,DataUnderstanding,Intervention,2,1,5.98,1,4,2,8,20,9,4,5.4,7.83
45abfdf3a3fd6f051089806e590aeb45,8,DataUnderstanding,Intervention,1,0,8.72,1,12,6,12,10,18,0,9.6,9.67
45abfdf3a3fd6f051089806e590aeb45,2,InforOverload,Intervention,2,0,9.45,1,12,4,12,18,15,10,10.6,11.83
45abfdf3a3fd6f051089806e590aeb45,5,DataPresentation,Baseline,1,0,4.13,1,1,1,2,20,1,1,1.2,4.33
45abfdf3a3fd6f051089806e590aeb45,1,InforOverload,Baseline,2,1,2.65,1,1,1,1,20,1,1,1,4.17
45abfdf3a3fd6f051089806e590aeb45,6,DataPresentation,Intervention,1,1,2.43,1,1,1,1,20,1,1,1,4.17
45abfdf3a3fd6f051089806e590aeb45,4,Order&Grouping,Intervention,2,1,5.15,1,12,1,6,20,13,4,7.2,9.33
45abfdf3a3fd6f051089806e590aeb45,3,Order&Grouping,Baseline,2,0,4.1,1,2,2,4,20,4,1,2.6,5.50
45abfdf3a3fd6f051089806e590aeb45,2,InforOverload,Intervention,1,1,2.95,1,1,1,1,20,1,1,1,4.17
45abfdf3a3fd6f051089806e590aeb45,3,Order&Grouping,Baseline,1,1,3.77,1,2,1,3,20,4,1,2.2,5.17
45abfdf3a3fd6f051089806e590aeb45,4,Order&Grouping,Intervention,1,1,4,1,2,1,2,17,4,1,2,4.50
45abfdf3a3fd6f051089806e590aeb45,7,DataUnderstanding,Baseline,2,0,4.98,1,3,2,4,18,5,2,3.2,5.67
45abfdf3a3fd6f051089806e590aeb45,5,DataPresentation,Baseline,2,1,5.10,1,2,1,1,20,1,1,1.2,4.33
45abfdf3a3fd6f051089806e590aeb45,1,InforOverload,Baseline,1,0,2.68,1,1,1,1,20,1,1,1,4.17
bc360e201c556e73fadccd1b0fbe1083,7,DataUnderstanding,Baseline,1,1,5.35,2,10,0,6,16,10,0,5.2,7.00
bc360e201c556e73fadccd1b0fbe1083,7,DataUnderstanding,Baseline,2,1,8.18,2,14,0,14,19,16,5,9.8,11.33
bc360e201c556e73fadccd1b0fbe1083,4,Order&Grouping,Intervention,2,1,3.22,2,2,0,4,10,2,0,1.6,3.00
bc360e201c556e73fadccd1b0fbe1083,2,InforOverload,Intervention,2,0,6.28,2,8,0,2,14,16,0,5.2,6.67
bc360e201c556e73fadccd1b0fbe1083,5,DataPresentation,Baseline,1,0,2.88,2,4,0,2,8,2,0,1.6,2.67
bc360e201c556e73fadccd1b0fbe1083,1,InforOverload,Baseline,1,1,2.93,2,2,0,1,18,2,0,1,3.83
bc360e201c556e73fadccd1b0fbe1083,6,DataPresentation,Intervention,1,1,1.88,2,2,0,2,11,4,0,1.6,3.17
bc360e201c556e73fadccd1b0fbe1083,8,DataUnderstanding,Intervention,1,0,2.82,2,2,0,4,4,2,0,1.6,2.00
bc360e201c556e73fadccd1b0fbe1083,2,InforOverload,Intervention,1,1,0.98,2,4,0,0,18,1,0,1,3.83
bc360e201c556e73fadccd1b0fbe1083,4,Order&Grouping,Intervention,1,0,3.22,2,4,0,6,17,4,0,2.8,5.17
bc360e201c556e73fadccd1b0fbe1083,6,DataPresentation,Intervention,2,0,2.92,2,2,0,1,10,2,0,1,2.50
bc360e201c556e73fadccd1b0fbe1083,8,DataUnderstanding,Intervention,2,0,3.33,2,4,0,3,16,8,0,3,5.17
bc360e201c556e73fadccd1b0fbe1083,1,InforOverload,Baseline,2,1,1.5,2,4,0,1,18,3,0,1.6,4.33
bc360e201c556e73fadccd1b0fbe1083,3,Order&Grouping,Baseline,2,0,4.9,2,4,0,4,7,7,0,3,3.67
bc360e201c556e73fadccd1b0fbe1083,3,Order&Grouping,Baseline,1,0,1.65,2,2,0,1,18,3,0,1.2,4.00
bc360e201c556e73fadccd1b0fbe1083,5,DataPresentation,Baseline,2,0,1.15,2,2,0,1,14,1,0,0.8,3.00
2d2dc6b096e749771ade71edb3c44e78,2,InforOverload,Intervention,1,1,3.62,2,2,1,2,20,0,0,1,4.17
2d2dc6b096e749771ade71edb3c44e78,7,DataUnderstanding,Baseline,1,1,5.85,2,9,7,10,16,8,2,7.2,8.67
2d2dc6b096e749771ade71edb3c44e78,4,Order&Grouping,Intervention,2,1,5.62,2,10,8,10,16,12,2,8.4,9.67
2d2dc6b096e749771ade71edb3c44e78,1,InforOverload,Baseline,2,1,2.25,2,2,2,2,18,2,0,1.6,4.33
2d2dc6b096e749771ade71edb3c44e78,5,DataPresentation,Baseline,1,1,2.37,2,4,2,2,20,2,0,2,5.00
2d2dc6b096e749771ade71edb3c44e78,4,Order&Grouping,Intervention,1,0,3.05,2,2,2,2,18,1,0,1.4,4.17
2d2dc6b096e749771ade71edb3c44e78,8,DataUnderstanding,Intervention,1,0,3.30,2,4,2,4,10,4,0,2.8,4.00
2d2dc6b096e749771ade71edb3c44e78,6,DataPresentation,Intervention,2,1,3.20,2,2,2,4,16,2,0,2,4.33
2d2dc6b096e749771ade71edb3c44e78,1,InforOverload,Baseline,1,0,4.03,2,2,2,2,18,1,0,1.4,4.17
2d2dc6b096e749771ade71edb3c44e78,8,DataUnderstanding,Intervention,2,1,3.85,2,8,2,4,10,10,4,5.6,6.33
2d2dc6b096e749771ade71edb3c44e78,3,Order&Grouping,Baseline,1,0,6.83,2,10,12,6,20,6,0,6.8,9.00
2d2dc6b096e749771ade71edb3c44e78,5,DataPresentation,Baseline,2,1,5.57,2,7,10,10,20,6,8,8.2,10.17
2d2dc6b096e749771ade71edb3c44e78,3,Order&Grouping,Baseline,2,1,6.98,2,16,12,0,10,14,14,11.2,11.00
2d2dc6b096e749771ade71edb3c44e78,6,DataPresentation,Intervention,1,1,1.90,2,2,2,2,20,2,0,1.6,4.67
2d2dc6b096e749771ade71edb3c44e78,7,DataUnderstanding,Baseline,2,1,3.53,2,4,3,6,18,6,0,3.8,6.17
2d2dc6b096e749771ade71edb3c44e78,2,InforOverload,Intervention,2,1,3.25,2,4,2,2,20,4,0,2.4,5.33
f5854ce8a73f4c65a7656be0302ef54f,7,DataUnderstanding,Baseline,1,1,9.40,3,6,2,0,20,10,6,4.8,7.33
f5854ce8a73f4c65a7656be0302ef54f,2,InforOverload,Intervention,1,1,5.53,3,12,0,8,20,10,18,9.6,11.33
f5854ce8a73f4c65a7656be0302ef54f,8,DataUnderstanding,Intervention,1,1,7.82,3,12,8,8,18,14,16,11.6,12.67
f5854ce8a73f4c65a7656be0302ef54f,1,InforOverload,Baseline,2,1,2.18,3,4,2,2,20,2,2,2.4,5.33
f5854ce8a73f4c65a7656be0302ef54f,8,DataUnderstanding,Intervention,2,1,3.78,3,2,1,1,20,1,1,1.2,4.33
f5854ce8a73f4c65a7656be0302ef54f,4,Order&Grouping,Intervention,2,0,6.38,3,6,6,6,16,8,10,7.2,8.67
f5854ce8a73f4c65a7656be0302ef54f,7,DataUnderstanding,Baseline,2,0,5.10,3,2,4,4,18,4,18,6.4,8.33
f5854ce8a73f4c65a7656be0302ef54f,6,DataPresentation,Intervention,1,1,3.98,3,2,2,4,20,4,8,4,6.67
f5854ce8a73f4c65a7656be0302ef54f,1,InforOverload,Baseline,1,0,5.42,3,12,6,14,14,14,20,13.2,13.33
f5854ce8a73f4c65a7656be0302ef54f,2,InforOverload,Intervention,2,1,3.80,3,6,8,6,18,8,14,8.4,10.00
f5854ce8a73f4c65a7656be0302ef54f,3,Order&Grouping,Baseline,2,0,7.60,3,12,12,12,20,16,20,14.4,15.33
f5854ce8a73f4c65a7656be0302ef54f,5,DataPresentation,Baseline,2,1,3.78,3,2,7,2,18,6,6,4.6,6.83
f5854ce8a73f4c65a7656be0302ef54f,4,Order&Grouping,Intervention,1,0,4.93,3,2,5,5,20,4,2,3.6,6.33
f5854ce8a73f4c65a7656be0302ef54f,5,DataPresentation,Baseline,1,0,2.12,3,1,1,1,18,1,0,0.8,3.67
f5854ce8a73f4c65a7656be0302ef54f,6,DataPresentation,Intervention,2,1,2.57,3,1,1,2,1,1,6,2.2,2.00
f5854ce8a73f4c65a7656be0302ef54f,3,Order&Grouping,Baseline,1,1,1.93,3,2,2,2,20,2,8,3.2,6.00
2577645aacac5f574e5e0f273a9dbe01,4,Order&Grouping,Intervention,2,1,5.05,3,12,10,12,20,6,0,8,10.00
2577645aacac5f574e5e0f273a9dbe01,2,InforOverload,Intervention,1,1,4.97,3,1,1,1,20,0,0,0.6,3.83
2577645aacac5f574e5e0f273a9dbe01,4,Order&Grouping,Intervention,1,0,5.77,3,1,1,1,20,0,0,0.6,3.83
2577645aacac5f574e5e0f273a9dbe01,8,DataUnderstanding,Intervention,2,0,5.37,3,1,1,0,20,0,0,0.4,3.67
2577645aacac5f574e5e0f273a9dbe01,7,DataUnderstanding,Baseline,1,1,6.83,3,1,1,1,20,0,0,0.6,3.83
2577645aacac5f574e5e0f273a9dbe01,3,Order&Grouping,Baseline,2,1,9.93,3,6,6,4,14,2,0,3.6,5.33
2577645aacac5f574e5e0f273a9dbe01,5,DataPresentation,Baseline,1,1,3.87,3,1,1,1,20,0,0,0.6,3.83
2577645aacac5f574e5e0f273a9dbe01,7,DataUnderstanding,Baseline,2,1,3.37,3,1,1,1,20,0,0,0.6,3.83
2577645aacac5f574e5e0f273a9dbe01,6,DataPresentation,Intervention,2,1,7.52,3,4,2,4,18,0,0,2,4.67
2577645aacac5f574e5e0f273a9dbe01,1,InforOverload,Baseline,1,0,3.13,3,1,2,1,18,0,0,0.8,3.67
2577645aacac5f574e5e0f273a9dbe01,2,InforOverload,Intervention,2,0,7.32,3,6,6,8,0,0,4,4.8,4.00
2577645aacac5f574e5e0f273a9dbe01,1,InforOverload,Baseline,2,1,3.27,3,1,1,2,20,0,0,0.8,4.00
2577645aacac5f574e5e0f273a9dbe01,6,DataPresentation,Intervention,1,1,1.80,3,1,1,1,20,0,0,0.6,3.83
2577645aacac5f574e5e0f273a9dbe01,3,Order&Grouping,Baseline,1,0,2.95,3,4,1,2,14,2,0,1.8,3.83
2577645aacac5f574e5e0f273a9dbe01,8,DataUnderstanding,Intervention,1,0,5.35,3,4,4,4,0,6,4,4.4,3.67
2577645aacac5f574e5e0f273a9dbe01,5,DataPresentation,Baseline,2,1,4.28,3,2,1,2,18,1,0,1.2,4.00
9a5a49e90d82dd9194996abba021c8d6,3,Order&Grouping,Baseline,1,1,7.90,0,2,10,6,14,4,10,6.4,7.67
9a5a49e90d82dd9194996abba021c8d6,6,DataPresentation,Intervention,1,0,2.45,0,1,1,1,18,1,0,0.8,3.67
9a5a49e90d82dd9194996abba021c8d6,8,DataUnderstanding,Intervention,1,0,6.33,0,10,5,10,10,6,8.00,7.8,8.17
9a5a49e90d82dd9194996abba021c8d6,5,DataPresentation,Baseline,2,0,4.12,0,6,4,4,18,4,2.00,4,6.33
9a5a49e90d82dd9194996abba021c8d6,2,InforOverload,Intervention,1,1,1.90,0,0,1,0,18,0,0.00,0.2,3.17
9a5a49e90d82dd9194996abba021c8d6,5,DataPresentation,Baseline,1,1,2.40,0,1,2,1,18,1,1.00,1.2,4.00
9a5a49e90d82dd9194996abba021c8d6,7,DataUnderstanding,Baseline,1,0,3.33,0,8,2,1,10,6,2.00,3.8,4.83
9a5a49e90d82dd9194996abba021c8d6,6,DataPresentation,Intervention,2,0,2.07,0,1,2,0,19,0,0.00,0.6,3.67
9a5a49e90d82dd9194996abba021c8d6,1,InforOverload,Baseline,2,1,2.23,0,0,1,0,18,0,1.00,0.4,3.33
9a5a49e90d82dd9194996abba021c8d6,4,Order&Grouping,Intervention,2,0,3.65,0,1,1,0,19,1,2.00,1,4.00
9a5a49e90d82dd9194996abba021c8d6,2,InforOverload,Intervention,2,1,3.78,0,10,6,2,12,8,2.00,5.6,6.67
9a5a49e90d82dd9194996abba021c8d6,8,DataUnderstanding,Intervention,2,1,2.17,0,0,2,0,19,1,0.00,0.6,3.67
9a5a49e90d82dd9194996abba021c8d6,4,Order&Grouping,Intervention,1,1,4.17,0,2,1,1,18,1,0.00,1,3.83
9a5a49e90d82dd9194996abba021c8d6,7,DataUnderstanding,Baseline,2,0,1.67,0,1,1,0,18,1,0.00,0.6,3.50
9a5a49e90d82dd9194996abba021c8d6,3,Order&Grouping,Baseline,2,0,4.40,0,8,2,1,10,2,4.00,3.4,4.50
9a5a49e90d82dd9194996abba021c8d6,1,InforOverload,Baseline,1,0,1.43,0,0,1,0,19,1,0.00,0.4,3.50
5f90a364720db913241731a7a0354cfc,1,InforOverload,Baseline,1,0,4.85,3,4,2,2,20,4,1,2.6,5.50
5f90a364720db913241731a7a0354cfc,3,Order&Grouping,Baseline,1,0,5.13,3,15,5,10,0,10,10,10,8.33
5f90a364720db913241731a7a0354cfc,4,Order&Grouping,Intervention,1,0,3.27,3,8,4,2,0,5,6,5,4.17
5f90a364720db913241731a7a0354cfc,6,DataPresentation,Intervention,1,1,2.52,3,3,1,1,20,1,0,1.2,4.33
5f90a364720db913241731a7a0354cfc,1,InforOverload,Baseline,2,1,1.97,3,3,1,2,18,1,0,1.4,4.17
5f90a364720db913241731a7a0354cfc,6,DataPresentation,Intervention,2,1,3.02,3,7,1,1,20,4,0,2.6,5.50
5f90a364720db913241731a7a0354cfc,3,Order&Grouping,Baseline,2,0,2.02,3,4,1,0,0,2,8,3,2.50
5f90a364720db913241731a7a0354cfc,8,DataUnderstanding,Intervention,2,0,2.63,3,8,1,2,20,2,0,2.6,5.50
5f90a364720db913241731a7a0354cfc,7,DataUnderstanding,Baseline,1,1,1.98,3,4,1,2,20,2,0,1.8,4.83
5f90a364720db913241731a7a0354cfc,2,InforOverload,Intervention,2,1,4.08,3,14,4,5,18,6,0,5.8,7.83
5f90a364720db913241731a7a0354cfc,7,DataUnderstanding,Baseline,2,1,2.13,3,7,2,2,19,2,0,2.6,5.33
5f90a364720db913241731a7a0354cfc,2,InforOverload,Intervention,1,1,1.65,3,5,1,1,19,1,0,1.6,4.50
5f90a364720db913241731a7a0354cfc,8,DataUnderstanding,Intervention,1,0,2.97,3,8,4,3,10,4,10,5.8,6.50
5f90a364720db913241731a7a0354cfc,5,DataPresentation,Baseline,1,0,2.30,3,6,1,3,16,3,0,2.6,4.83
5f90a364720db913241731a7a0354cfc,5,DataPresentation,Baseline,2,1,2.42,3,9,2,2,17,2,0,3,5.33
5f90a364720db913241731a7a0354cfc,4,Order&Grouping,Intervention,2,1,3.05,3,11,2,3,8,5,0,4.2,4.83
b1f6fc242a250c65e062ae2af40adb56,4,Order&Grouping,Intervention,2,0,8.27,2,0,0,0,0,0,0,0,0.00
b1f6fc242a250c65e062ae2af40adb56,8,DataUnderstanding,Intervention,2,0,2.33,2,0,0,0,0,0,0,0,0.00
b1f6fc242a250c65e062ae2af40adb56,3,Order&Grouping,Baseline,2,0,2.00,2,0,0,0,0,0,0,0,0.00
b1f6fc242a250c65e062ae2af40adb56,6,DataPresentation,Intervention,2,0,2.05,2,0,0,0,0,0,0,0,0.00
b1f6fc242a250c65e062ae2af40adb56,5,DataPresentation,Baseline,2,1,1.50,2,0,0,0,0,0,0,0,0.00
b1f6fc242a250c65e062ae2af40adb56,7,DataUnderstanding,Baseline,1,0,2.10,2,0,0,0,0,0,0,0,0.00
b1f6fc242a250c65e062ae2af40adb56,3,Order&Grouping,Baseline,1,0,1.15,2,0,0,0,0,0,0,0,0.00
b1f6fc242a250c65e062ae2af40adb56,6,DataPresentation,Intervention,1,1,1.23,2,0,0,0,0,0,0,0,0.00
b1f6fc242a250c65e062ae2af40adb56,2,InforOverload,Intervention,2,0,3.10,2,0,0,0,0,0,0,0,0.00
b1f6fc242a250c65e062ae2af40adb56,4,Order&Grouping,Intervention,1,0,0.73,2,0,0,0,0,0,0,0,0.00
b1f6fc242a250c65e062ae2af40adb56,1,InforOverload,Baseline,1,0,1.12,2,0,0,0,0,0,0,0,0.00
b1f6fc242a250c65e062ae2af40adb56,1,InforOverload,Baseline,2,1,2.87,2,0,0,0,0,0,0,0,0.00
b1f6fc242a250c65e062ae2af40adb56,2,InforOverload,Intervention,1,1,1.05,2,0,0,0,0,0,0,0,0.00
b1f6fc242a250c65e062ae2af40adb56,5,DataPresentation,Baseline,1,1,1.37,2,0,0,0,0,0,0,0,0.00
b1f6fc242a250c65e062ae2af40adb56,8,DataUnderstanding,Intervention,1,0,0.88,2,0,0,0,0,0,0,0,0.00
b1f6fc242a250c65e062ae2af40adb56,7,DataUnderstanding,Baseline,2,0,0.55,2,0,0,0,0,0,0,0,0.00
bb6022fb633f7756d0c661fce67dab83,7,DataUnderstanding,Baseline,2,1,3.80,3,15,0,5,5,5,5,6,5.83
bb6022fb633f7756d0c661fce67dab83,5,DataPresentation,Baseline,2,0,2.20,3,10,0,2,0,0,0,2.4,2.00
bb6022fb633f7756d0c661fce67dab83,7,DataUnderstanding,Baseline,1,0,2.27,3,5,0,0,0,0,0,1,0.83
bb6022fb633f7756d0c661fce67dab83,3,Order&Grouping,Baseline,2,0,4.68,3,6,0,6,0,6,0,3.6,3.00
bb6022fb633f7756d0c661fce67dab83,1,InforOverload,Baseline,1,1,1.93,3,4,0,2,0,1,0,1.4,1.17
bb6022fb633f7756d0c661fce67dab83,1,InforOverload,Baseline,2,1,1.60,3,1,0,0,0,0,0,0.2,0.17
bb6022fb633f7756d0c661fce67dab83,6,DataPresentation,Intervention,2,1,3.93,3,6,0,0,0,6,2,2.8,2.33
bb6022fb633f7756d0c661fce67dab83,6,DataPresentation,Intervention,1,1,1.75,3,2,0,0,0,2,0,0.8,0.67
bb6022fb633f7756d0c661fce67dab83,8,DataUnderstanding,Intervention,2,0,5.35,3,0,0,0,0,0,20,4,3.33
bb6022fb633f7756d0c661fce67dab83,8,DataUnderstanding,Intervention,1,0,4.20,3,0,0,0,0,0,20,4,3.33
bb6022fb633f7756d0c661fce67dab83,3,Order&Grouping,Baseline,1,1,3.12,3,8,0,0,0,0,10,3.6,3.00
bb6022fb633f7756d0c661fce67dab83,4,Order&Grouping,Intervention,1,0,3.17,3,2,0,0,0,0,2,0.8,0.67
bb6022fb633f7756d0c661fce67dab83,2,InforOverload,Intervention,2,0,2.27,3,6,0,0,0,0,1,1.4,1.17
bb6022fb633f7756d0c661fce67dab83,5,DataPresentation,Baseline,1,0,3.10,3,3,0,2,1,1,3,1.8,1.67
bb6022fb633f7756d0c661fce67dab83,2,InforOverload,Intervention,1,1,1.75,3,2,0,0,0,0,0,0.4,0.33
bb6022fb633f7756d0c661fce67dab83,4,Order&Grouping,Intervention,2,0,4.25,3,1,0,0,0,1,1,0.6,0.50
6d302f8daa645e62128da0cecafc2ecf,3,Order&Grouping,Baseline,2,0,3.98,2,10,2,2,14,10,10,6.8,8.00
6d302f8daa645e62128da0cecafc2ecf,2,InforOverload,Intervention,1,1,2.78,2,6,2,2,16,6,6,4.4,6.33
6d302f8daa645e62128da0cecafc2ecf,3,Order&Grouping,Baseline,1,1,3.88,2,7,8,4,10,9,12,8,8.33
6d302f8daa645e62128da0cecafc2ecf,5,DataPresentation,Baseline,2,1,2.07,2,8,10,4,8,8,8,7.6,7.67
6d302f8daa645e62128da0cecafc2ecf,1,InforOverload,Baseline,1,0,1.50,2,6,5,2,8,5,3,4.2,4.83
6d302f8daa645e62128da0cecafc2ecf,6,DataPresentation,Intervention,2,1,2.15,2,8,2,2,16,8,6,5.2,7.00
6d302f8daa645e62128da0cecafc2ecf,4,Order&Grouping,Intervention,1,0,2.37,2,4,8,2,16,6,2,4.4,6.33
6d302f8daa645e62128da0cecafc2ecf,8,DataUnderstanding,Intervention,1,0,1.68,2,11,6,2,6,12,12,8.6,8.17
6d302f8daa645e62128da0cecafc2ecf,2,InforOverload,Intervention,2,0,2.02,2,7,5,2,12,5,5,4.8,6.00
6d302f8daa645e62128da0cecafc2ecf,7,DataUnderstanding,Baseline,2,1,1.20,2,7,4,2,16,4,2,3.8,5.83
6d302f8daa645e62128da0cecafc2ecf,5,DataPresentation,Baseline,1,1,1.78,2,4,4,2,15,5,3,3.6,5.50
6d302f8daa645e62128da0cecafc2ecf,4,Order&Grouping,Intervention,2,0,1.85,2,8,4,2,8,6,8,5.6,6.00
6d302f8daa645e62128da0cecafc2ecf,6,DataPresentation,Intervention,1,1,1.07,2,5,4,2,12,4,4,3.8,5.17
6d302f8daa645e62128da0cecafc2ecf,8,DataUnderstanding,Intervention,2,1,2.87,2,6,6,2,10,7,5,5.2,6.00
6d302f8daa645e62128da0cecafc2ecf,1,InforOverload,Baseline,2,0,1.22,2,6,8,2,16,6,6,5.6,7.33
6d302f8daa645e62128da0cecafc2ecf,7,DataUnderstanding,Baseline,1,1,1.52,2,6,4,1,19,6,3,4,6.50
7f3fc5e6f32c3bd93198a74b00d98db1,8,DataUnderstanding,Intervention,2,1,1.72,4,1,0,0,19,1,1,0.6,3.67
7f3fc5e6f32c3bd93198a74b00d98db1,7,DataUnderstanding,Baseline,2,0,2.05,4,1,0,0,15,1,3,1,3.33
7f3fc5e6f32c3bd93198a74b00d98db1,3,Order&Grouping,Baseline,2,0,3.13,4,1,0,0,2,1,5,1.4,1.50
7f3fc5e6f32c3bd93198a74b00d98db1,2,InforOverload,Intervention,2,0,0.82,4,3,0,0,10,2,3,1.6,3.00
7f3fc5e6f32c3bd93198a74b00d98db1,5,DataPresentation,Baseline,2,1,0.70,4,1,0,0,19,1,1,0.6,3.67
7f3fc5e6f32c3bd93198a74b00d98db1,8,DataUnderstanding,Intervention,1,0,2.25,4,2,0,0,10,2,3,1.4,2.83
7f3fc5e6f32c3bd93198a74b00d98db1,4,Order&Grouping,Intervention,2,0,0.78,4,1,0,0,19,1,1,0.6,3.67
7f3fc5e6f32c3bd93198a74b00d98db1,2,InforOverload,Intervention,1,1,3.20,4,1,0,0,19,1,2,0.8,3.83
7f3fc5e6f32c3bd93198a74b00d98db1,6,DataPresentation,Intervention,2,1,0.55,4,1,0,0,19,1,1,0.6,3.67
7f3fc5e6f32c3bd93198a74b00d98db1,6,DataPresentation,Intervention,1,0,0.63,4,1,0,0,0,1,3,1,0.83
7f3fc5e6f32c3bd93198a74b00d98db1,5,DataPresentation,Baseline,1,0,0.90,4,1,0,0,10,1,3,1,2.50
7f3fc5e6f32c3bd93198a74b00d98db1,4,Order&Grouping,Intervention,1,0,1.78,4,1,0,0,0,1,2,0.8,0.67
7f3fc5e6f32c3bd93198a74b00d98db1,1,InforOverload,Baseline,2,1,1.68,4,1,0,0,19,1,1,0.6,3.67
7f3fc5e6f32c3bd93198a74b00d98db1,3,Order&Grouping,Baseline,1,0,2.47,4,2,0,0,17,1,1,0.8,3.50
7f3fc5e6f32c3bd93198a74b00d98db1,7,DataUnderstanding,Baseline,1,1,1.98,4,1,0,0,19,2,1,0.8,3.83
7f3fc5e6f32c3bd93198a74b00d98db1,1,InforOverload,Baseline,1,0,1.62,4,1,0,0,19,2,1,0.8,3.83
c9f4a46fee34c2caf1da93f508fcbdfd,1,InforOverload,Baseline,2,1,9.32,4,10,5,2,20,4,6,5.4,7.83
c9f4a46fee34c2caf1da93f508fcbdfd,3,Order&Grouping,Baseline,2,1,4.25,4,15,2,1,20,16,9,8.6,10.50
c9f4a46fee34c2caf1da93f508fcbdfd,8,DataUnderstanding,Intervention,1,0,3.92,4,6,3,1,19,10,15,7,9.00
c9f4a46fee34c2caf1da93f508fcbdfd,4,Order&Grouping,Intervention,1,0,3.22,4,3,2,1,16,9,7,4.4,6.33
c9f4a46fee34c2caf1da93f508fcbdfd,6,DataPresentation,Intervention,2,1,2.48,4,3,3,1,17,3,1,2.2,4.67
c9f4a46fee34c2caf1da93f508fcbdfd,7,DataUnderstanding,Baseline,2,1,3.55,4,7,4,1,8,7,4,4.6,5.17
c9f4a46fee34c2caf1da93f508fcbdfd,2,InforOverload,Intervention,1,1,1.65,4,5,5,1,20,3,4,3.6,6.33
c9f4a46fee34c2caf1da93f508fcbdfd,7,DataUnderstanding,Baseline,1,1,3.08,4,10,7,1,16,6,5,5.8,7.50
c9f4a46fee34c2caf1da93f508fcbdfd,5,DataPresentation,Baseline,2,1,2.65,4,11,3,1,17,9,16,8,9.50
c9f4a46fee34c2caf1da93f508fcbdfd,6,DataPresentation,Intervention,1,1,1.85,4,4,3,1,16,14,5,5.4,7.17
c9f4a46fee34c2caf1da93f508fcbdfd,8,DataUnderstanding,Intervention,2,0,3.17,4,13,13,1,14,16,19,12.4,12.67
c9f4a46fee34c2caf1da93f508fcbdfd,1,InforOverload,Baseline,1,0,0.90,4,6,4,1,17,1,1,2.6,5.00
c9f4a46fee34c2caf1da93f508fcbdfd,3,Order&Grouping,Baseline,1,0,1.27,4,2,1,1,12,2,1,1.4,3.17
c9f4a46fee34c2caf1da93f508fcbdfd,5,DataPresentation,Baseline,1,1,1.12,4,3,2,1,14,2,1,1.8,3.83
c9f4a46fee34c2caf1da93f508fcbdfd,2,InforOverload,Intervention,2,0,1.55,4,2,2,1,16,7,3,3,5.17
c9f4a46fee34c2caf1da93f508fcbdfd,4,Order&Grouping,Intervention,2,0,2.22,4,11,4,2,10,15,14,9.2,9.33
7c6d6e3a84fde4961c385a14a74089b9,2,InforOverload,Intervention,1,1,2.95,2,2,0,0,20,2,0,0.8,4.00
7c6d6e3a84fde4961c385a14a74089b9,3,Order&Grouping,Baseline,2,1,4.95,2,3,0,3,20,2,0,1.6,4.67
7c6d6e3a84fde4961c385a14a74089b9,8,DataUnderstanding,Intervention,2,1,3.77,2,2,0,3,20,0,1,1.2,4.33
7c6d6e3a84fde4961c385a14a74089b9,8,DataUnderstanding,Intervention,1,1,7.67,2,4,0,4,15,2,2,2.4,4.50
7c6d6e3a84fde4961c385a14a74089b9,1,InforOverload,Baseline,1,0,1.92,2,1,0,1,18,1,0,0.6,3.50
7c6d6e3a84fde4961c385a14a74089b9,5,DataPresentation,Baseline,2,1,3.30,2,1,0,1,18,1,0,0.6,3.50
7c6d6e3a84fde4961c385a14a74089b9,4,Order&Grouping,Intervention,2,0,5.78,2,4,0,4,15,5,3,3.2,5.17
7c6d6e3a84fde4961c385a14a74089b9,4,Order&Grouping,Intervention,1,0,2.57,2,2,0,1,18,1,0,0.8,3.67
7c6d6e3a84fde4961c385a14a74089b9,1,InforOverload,Baseline,2,1,1.55,2,2,0,6,20,2,0,2,5.00
7c6d6e3a84fde4961c385a14a74089b9,7,DataUnderstanding,Baseline,1,0,4.92,2,5,0,5,20,5,2,3.4,6.17
7c6d6e3a84fde4961c385a14a74089b9,3,Order&Grouping,Baseline,1,1,4.18,2,3,0,2,15,2,1,1.6,3.83
7c6d6e3a84fde4961c385a14a74089b9,5,DataPresentation,Baseline,1,0,1.88,2,2,0,2,20,2,0,1.2,4.33
7c6d6e3a84fde4961c385a14a74089b9,6,DataPresentation,Intervention,2,1,1.52,2,2,0,1,20,1,0,0.8,4.00
7c6d6e3a84fde4961c385a14a74089b9,2,InforOverload,Intervention,2,1,4.07,2,2,1,2,17,3,2,2,4.50
7c6d6e3a84fde4961c385a14a74089b9,6,DataPresentation,Intervention,1,1,1.85,2,2,0,1,19,2,0,1,4.00
7c6d6e3a84fde4961c385a14a74089b9,7,DataUnderstanding,Baseline,2,1,3.43,2,3,0,2,20,2,0,1.4,4.50
b7f7ffdc8a5100faf94e667fff68541e,2,InforOverload,Intervention,2,0,9.87,2,14,0,16,8,16,17,12.6,11.83
b7f7ffdc8a5100faf94e667fff68541e,5,DataPresentation,Baseline,2,0,4.82,2,8,0,4,8,6,2,4,4.67
b7f7ffdc8a5100faf94e667fff68541e,1,InforOverload,Baseline,2,1,6.67,2,10,0,8,8,10,6,6.8,7.00
b7f7ffdc8a5100faf94e667fff68541e,6,DataPresentation,Intervention,2,1,1.62,2,2,0,1,16,1,0,0.8,3.33
b7f7ffdc8a5100faf94e667fff68541e,2,InforOverload,Intervention,1,1,1.97,2,6,0,4,12,3,1,2.8,4.33
b7f7ffdc8a5100faf94e667fff68541e,8,DataUnderstanding,Intervention,2,1,2.47,2,2,1,2,10,2,0,1.4,2.83
b7f7ffdc8a5100faf94e667fff68541e,3,Order&Grouping,Baseline,1,0,1.82,2,0,0,1,12,1,0,0.4,2.33
b7f7ffdc8a5100faf94e667fff68541e,8,DataUnderstanding,Intervention,1,0,2.13,2,1,1,4,6,3,1,2,2.67
b7f7ffdc8a5100faf94e667fff68541e,5,DataPresentation,Baseline,1,0,3.20,2,4,1,6,8,2,2,3,3.83
b7f7ffdc8a5100faf94e667fff68541e,1,InforOverload,Baseline,1,0,1.83,2,2,1,3,12,1,0,1.4,3.17
b7f7ffdc8a5100faf94e667fff68541e,7,DataUnderstanding,Baseline,2,1,2.02,2,2,1,4,14,1,0,1.6,3.67
b7f7ffdc8a5100faf94e667fff68541e,4,Order&Grouping,Intervention,1,0,2.15,2,1,0,1,14,1,0,0.6,2.83
b7f7ffdc8a5100faf94e667fff68541e,7,DataUnderstanding,Baseline,1,1,1.25,2,0,1,1,17,0,0,0.4,3.17
b7f7ffdc8a5100faf94e667fff68541e,4,Order&Grouping,Intervention,2,1,3.73,2,2,1,2,5,1,0,1.2,1.83
b7f7ffdc8a5100faf94e667fff68541e,3,Order&Grouping,Baseline,2,0,2.52,2,3,1,1,6,0,0,1,1.83
b7f7ffdc8a5100faf94e667fff68541e,6,DataPresentation,Intervention,1,1,1.18,2,2,1,5,1,1,0,1.8,1.67
8709bf344c8d1cd6febad95014ecdecb,4,Order&Grouping,Intervention,2,0,11.43,4,14,13.00,14,12,12,10,12.6,12.50
8709bf344c8d1cd6febad95014ecdecb,6,DataPresentation,Intervention,1,1,6.85,4,12,10.00,16,18,12,4,10.8,12.00
8709bf344c8d1cd6febad95014ecdecb,2,InforOverload,Intervention,2,0,4.95,4,12,9.00,12,16,14,14,12.2,12.83
8709bf344c8d1cd6febad95014ecdecb,7,DataUnderstanding,Baseline,2,1,4.08,4,14,8.00,12,18,15,11,12,13.00
8709bf344c8d1cd6febad95014ecdecb,4,Order&Grouping,Intervention,1,0,3.53,4,12,10.00,14,18,11,9,11.2,12.33
8709bf344c8d1cd6febad95014ecdecb,8,DataUnderstanding,Intervention,2,1,3.28,4,12,10.00,13,18,10,9,10.8,12.00
8709bf344c8d1cd6febad95014ecdecb,7,DataUnderstanding,Baseline,1,1,3.57,4,12,9.00,11,18,7,7,9.2,10.67
8709bf344c8d1cd6febad95014ecdecb,2,InforOverload,Intervention,1,1,3.73,4,12,10.00,14,18,14,12,12.4,13.33
8709bf344c8d1cd6febad95014ecdecb,1,InforOverload,Baseline,2,1,4.48,4,16,10.00,15,15,10,9,12,12.50
8709bf344c8d1cd6febad95014ecdecb,3,Order&Grouping,Baseline,1,1,1.88,4,10,10.00,14,18,9,9,10.4,11.67
8709bf344c8d1cd6febad95014ecdecb,1,InforOverload,Baseline,1,0,1.80,4,10,10.00,15,19,7,7,9.8,11.33
8709bf344c8d1cd6febad95014ecdecb,8,DataUnderstanding,Intervention,1,0,5.57,4,8,9.00,15,14,12,12,11.2,11.67
8709bf344c8d1cd6febad95014ecdecb,5,DataPresentation,Baseline,1,1,4.22,4,14,7.00,16,14,8,8,10.6,11.17
8709bf344c8d1cd6febad95014ecdecb,5,DataPresentation,Baseline,2,0,3.12,4,10,7.00,14,16,8,6,9,10.17
8709bf344c8d1cd6febad95014ecdecb,3,Order&Grouping,Baseline,2,1,3.27,4,16,8.00,15,18,8,8,11,12.17
8709bf344c8d1cd6febad95014ecdecb,6,DataPresentation,Intervention,2,0,6.15,4,14,8.00,15,13,12,12,12.2,12.33
563c605ab2431235403529acbc04533c,8,DataUnderstanding,Intervention,2,1,4.60,3,10,4,0,14,8,5,5.40,6.83
563c605ab2431235403529acbc04533c,2,InforOverload,Intervention,1,1,1.27,3,1,1,1,15,1,1,1,3.33
563c605ab2431235403529acbc04533c,7,DataUnderstanding,Baseline,1,1,3.57,3,10,6,2,16,12,10,8,9.33
563c605ab2431235403529acbc04533c,4,Order&Grouping,Intervention,2,0,2.70,3,15,2,1,6,2,15,7,6.83
563c605ab2431235403529acbc04533c,4,Order&Grouping,Intervention,1,0,3.18,3,10,3,1,10,12,9,7,7.50
563c605ab2431235403529acbc04533c,5,DataPresentation,Baseline,1,1,2.32,3,2,1,1,11,15,6,5,6.00
563c605ab2431235403529acbc04533c,8,DataUnderstanding,Intervention,1,1,2.78,3,5,4,1,10,10,16,7.2,7.67
563c605ab2431235403529acbc04533c,3,Order&Grouping,Baseline,1,1,2.07,3,2,2,0,12,2,2,1.6,3.33
563c605ab2431235403529acbc04533c,6,DataPresentation,Intervention,2,1,2.52,3,8,9,2,13,3,12,6.8,7.83
563c605ab2431235403529acbc04533c,2,InforOverload,Intervention,2,0,2.70,3,9,2,1,16,2,3,3.4,5.50
563c605ab2431235403529acbc04533c,6,DataPresentation,Intervention,1,1,1.85,3,4,1,1,12,2,3,2.2,3.83
563c605ab2431235403529acbc04533c,3,Order&Grouping,Baseline,2,1,2.70,3,4,5,1,13,2,12,4.8,6.17
563c605ab2431235403529acbc04533c,1,InforOverload,Baseline,2,1,4.70,3,2,1,1,16,1,1,1.2,3.67
563c605ab2431235403529acbc04533c,7,DataUnderstanding,Baseline,2,0,2.38,3,2,2,1,15,1,1,1.4,3.67
563c605ab2431235403529acbc04533c,1,InforOverload,Baseline,1,0,1.22,3,1,1,1,16,1,1,1,3.50
563c605ab2431235403529acbc04533c,5,DataPresentation,Baseline,2,1,2.72,3,10,3,1,9,17,10,8.2,8.33
59504c500d31854553e4ba6e58d66a79,3,Order&Grouping,Baseline,1,1,3.12,3,12,6,12,11,12,14,11.20,11.17
59504c500d31854553e4ba6e58d66a79,6,DataPresentation,Intervention,2,1,5.97,3,14,4,10,12,12,2,8.4,9.00
59504c500d31854553e4ba6e58d66a79,7,DataUnderstanding,Baseline,1,1,1.27,3,10,2,10,8,2,0,4.8,5.33
59504c500d31854553e4ba6e58d66a79,1,InforOverload,Baseline,2,1,2.52,3,12,4,10,6,4,2,6.4,6.33
59504c500d31854553e4ba6e58d66a79,4,Order&Grouping,Intervention,1,1,1.75,3,10,4,10,14,6,1,6.2,7.50
59504c500d31854553e4ba6e58d66a79,1,InforOverload,Baseline,1,0,0.73,3,4,2,10,14,2,0,3.6,5.33
59504c500d31854553e4ba6e58d66a79,8,DataUnderstanding,Intervention,2,0,4.75,3,10,2,10,8,2,2,5.2,5.67
59504c500d31854553e4ba6e58d66a79,8,DataUnderstanding,Intervention,1,1,2.53,3,10,2,10,4,2,4,5.6,5.33
59504c500d31854553e4ba6e58d66a79,7,DataUnderstanding,Baseline,2,0,1.40,3,6,2,10,8,1,1,4,4.67
59504c500d31854553e4ba6e58d66a79,5,DataPresentation,Baseline,2,1,1.78,3,9,6,10,5,6,6,7.4,7.00
59504c500d31854553e4ba6e58d66a79,4,Order&Grouping,Intervention,2,0,2.50,3,10,4,10,5,3,3,6,5.83
59504c500d31854553e4ba6e58d66a79,5,DataPresentation,Baseline,1,0,1.48,3,6,3,10,6,2,2,4.6,4.83
59504c500d31854553e4ba6e58d66a79,2,InforOverload,Intervention,2,0,1.93,3,9,2,10,5,4,4,5.8,5.67
59504c500d31854553e4ba6e58d66a79,2,InforOverload,Intervention,1,1,0.72,3,6,3,6,4,1,1,3.4,3.50
59504c500d31854553e4ba6e58d66a79,3,Order&Grouping,Baseline,2,1,3.13,3,10,4,7,5,3,3,5.4,5.33
59504c500d31854553e4ba6e58d66a79,6,DataPresentation,Intervention,1,1,1.45,3,6,2,10,6,2,2,4.4,4.67
381832119aa48b508a880a0c9eedad56,2,InforOverload,Intervention,2,0,6.68,3,4,2,2,9,2,0,2.00,3.17
381832119aa48b508a880a0c9eedad56,4,Order&Grouping,Intervention,2,0,4.72,3,6,2,3,8,4,2,3.4,4.17
381832119aa48b508a880a0c9eedad56,1,InforOverload,Baseline,1,0,3.12,3,6,1,2,10,6,2,3.4,4.50
381832119aa48b508a880a0c9eedad56,5,DataPresentation,Baseline,1,1,2.17,3,2,2,2,13,2,0,1.6,3.50
381832119aa48b508a880a0c9eedad56,2,InforOverload,Intervention,1,1,2.08,3,2,1,1,18,1,0,1,3.83
381832119aa48b508a880a0c9eedad56,8,DataUnderstanding,Intervention,2,1,3.57,3,5,1,2,11,3,1,2.4,3.83
381832119aa48b508a880a0c9eedad56,8,DataUnderstanding,Intervention,1,0,3.65,3,5,1,2,3,3,4,3,3.00
381832119aa48b508a880a0c9eedad56,5,DataPresentation,Baseline,2,0,2.28,3,5,1,2,8,1,1,2,3.00
381832119aa48b508a880a0c9eedad56,3,Order&Grouping,Baseline,1,1,1.65,3,2,0,1,18,1,1,1,3.83
381832119aa48b508a880a0c9eedad56,7,DataUnderstanding,Baseline,1,1,1.93,3,2,1,1,13,1,1,1.2,3.17
381832119aa48b508a880a0c9eedad56,4,Order&Grouping,Intervention,1,0,2.43,3,3,3,1,8,2,2,2.2,3.17
381832119aa48b508a880a0c9eedad56,6,DataPresentation,Intervention,2,0,2.57,3,4,2,2,9,4,3,3,4.00
381832119aa48b508a880a0c9eedad56,7,DataUnderstanding,Baseline,2,1,3.78,3,5,3,4,2,5,5,4.4,4.00
381832119aa48b508a880a0c9eedad56,6,DataPresentation,Intervention,1,1,1.22,3,3,2,2,14,2,2,2.2,4.17
381832119aa48b508a880a0c9eedad56,3,Order&Grouping,Baseline,2,0,2.08,3,4,3,4,7,1,3,3,3.67
381832119aa48b508a880a0c9eedad56,1,InforOverload,Baseline,2,0,1.48,3,2,1,2,2,2,0,1.4,1.50
4eff1a680bae368f455998149cfdabc4,5,DataPresentation,Baseline,1,1,1.10,3,1,0,1,19,1,1,0.80,3.83
4eff1a680bae368f455998149cfdabc4,8,DataUnderstanding,Intervention,1,0,2.17,3,2,1,2,17,1,2,1.6,4.17
4eff1a680bae368f455998149cfdabc4,3,Order&Grouping,Baseline,2,0,1.78,3,1,0,0,16,1,0,0.4,3.00
4eff1a680bae368f455998149cfdabc4,8,DataUnderstanding,Intervention,2,1,1.33,3,4,0,0,19,2,0,1.2,4.17
4eff1a680bae368f455998149cfdabc4,4,Order&Grouping,Intervention,2,0,1.13,3,4,0,4,13,3,0,2.2,4.00
4eff1a680bae368f455998149cfdabc4,7,DataUnderstanding,Baseline,2,0,1.75,3,2,0,0,10,2,6,2,3.33
4eff1a680bae368f455998149cfdabc4,2,InforOverload,Intervention,2,1,1.68,3,3,2,3,12,3,4,3,4.50
4eff1a680bae368f455998149cfdabc4,6,DataPresentation,Intervention,2,1,1.28,3,2,0,1,18,3,0,1.2,4.00
4eff1a680bae368f455998149cfdabc4,7,DataUnderstanding,Baseline,1,1,1.77,3,8,1,1,17,0,0,2,4.50
4eff1a680bae368f455998149cfdabc4,6,DataPresentation,Intervention,1,1,1.05,3,2,0,1,19,0,0,0.6,3.67
4eff1a680bae368f455998149cfdabc4,5,DataPresentation,Baseline,2,0,0.67,3,1,0,0,19,1,0,0.4,3.50
4eff1a680bae368f455998149cfdabc4,2,InforOverload,Intervention,1,1,0.65,3,1,0,0,20,0,0,0.2,3.50
4eff1a680bae368f455998149cfdabc4,4,Order&Grouping,Intervention,1,1,1.90,3,6,3,0,19,4,0,2.6,5.33
4eff1a680bae368f455998149cfdabc4,1,InforOverload,Baseline,1,0,0.98,3,2,1,0,19,0,0,0.6,3.67
4eff1a680bae368f455998149cfdabc4,1,InforOverload,Baseline,2,1,0.80,3,1,2,0,19,0,0,0.6,3.67
4eff1a680bae368f455998149cfdabc4,3,Order&Grouping,Baseline,1,1,1.05,3,1,2,0,19,0,0,0.6,3.67
fb41eb20d590a102fe2bbf10d7e6b824,6,DataPresentation,Intervention,1,1,4.88,4,2,0,16,14,2,14,6.80,8.00
fb41eb20d590a102fe2bbf10d7e6b824,3,Order&Grouping,Baseline,2,1,8.03,4,10,0,10,10,12,14,9.2,9.33
fb41eb20d590a102fe2bbf10d7e6b824,3,Order&Grouping,Baseline,1,1,2.33,4,4,0,2,14,2,2,2,4.00
fb41eb20d590a102fe2bbf10d7e6b824,4,Order&Grouping,Intervention,1,0,3.58,4,6,0,4,14,4,10,4.8,6.33
fb41eb20d590a102fe2bbf10d7e6b824,7,DataUnderstanding,Baseline,2,0,4.68,4,4,0,10,4,10,16,8,7.33
fb41eb20d590a102fe2bbf10d7e6b824,8,DataUnderstanding,Intervention,2,0,5.52,4,12,0,2,10,12,8,6.8,7.33
fb41eb20d590a102fe2bbf10d7e6b824,2,InforOverload,Intervention,2,0,3.48,4,8,0,1,10,4,1,2.8,4.00
fb41eb20d590a102fe2bbf10d7e6b824,5,DataPresentation,Baseline,1,1,1.70,4,1,0,0,14,1,0,0.4,2.67
fb41eb20d590a102fe2bbf10d7e6b824,8,DataUnderstanding,Intervention,1,1,6.32,4,10,0,10,2,14,14,9.6,8.33
fb41eb20d590a102fe2bbf10d7e6b824,7,DataUnderstanding,Baseline,1,1,1.88,4,2,0,0,14,2,1,1,3.17
fb41eb20d590a102fe2bbf10d7e6b824,1,InforOverload,Baseline,1,0,1.98,4,2,0,0,10,2,1,1,2.50
fb41eb20d590a102fe2bbf10d7e6b824,4,Order&Grouping,Intervention,2,0,5.87,4,10,0,4,4,14,10,7.6,7.00
fb41eb20d590a102fe2bbf10d7e6b824,6,DataPresentation,Intervention,2,0,3.82,4,4,0,0,16,2,2,1.6,4.00
fb41eb20d590a102fe2bbf10d7e6b824,1,InforOverload,Baseline,2,1,2.00,4,2,0,0,12,2,0,0.8,2.67
fb41eb20d590a102fe2bbf10d7e6b824,5,DataPresentation,Baseline,2,0,2.67,4,1,0,0,16,1,0,0.4,3.00
fb41eb20d590a102fe2bbf10d7e6b824,2,InforOverload,Intervention,1,1,1.60,4,1,0,0,16,1,0,0.4,3.00
4de1aa31143aa3bfba0ea210c26e4143,5,DataPresentation,Baseline,2,1,3.30,4,11,3,11,18,14,9,9.60,11.00
4de1aa31143aa3bfba0ea210c26e4143,2,InforOverload,Intervention,2,1,4.97,4,15,19,12,18,18,14,15.6,16.00
4de1aa31143aa3bfba0ea210c26e4143,2,InforOverload,Intervention,1,1,2.62,4,2,3,4,18,5,2,3.2,5.67
4de1aa31143aa3bfba0ea210c26e4143,3,Order&Grouping,Baseline,1,0,3.55,4,18,18,19,18,18,19,18.4,18.33
4de1aa31143aa3bfba0ea210c26e4143,8,DataUnderstanding,Intervention,2,1,3.70,4,5,7,3,19,4,3,4.4,6.83
4de1aa31143aa3bfba0ea210c26e4143,7,DataUnderstanding,Baseline,2,1,2.72,4,3,6,5,18,3,3,4,6.33
4de1aa31143aa3bfba0ea210c26e4143,1,InforOverload,Baseline,1,0,1.80,4,6,6,6,18,6,10,6.8,8.67
4de1aa31143aa3bfba0ea210c26e4143,6,DataPresentation,Intervention,1,0,1.93,4,2,2,2,19,2,1,1.8,4.67
4de1aa31143aa3bfba0ea210c26e4143,1,InforOverload,Baseline,2,1,1.23,4,1,1,1,13,1,2,1.2,3.17
4de1aa31143aa3bfba0ea210c26e4143,4,Order&Grouping,Intervention,1,0,2.73,4,8,8,1,17,4,1,4.4,6.50
4de1aa31143aa3bfba0ea210c26e4143,6,DataPresentation,Intervention,2,1,1.68,4,3,3,3,18,1,1,2.2,4.83
4de1aa31143aa3bfba0ea210c26e4143,4,Order&Grouping,Intervention,2,1,4.53,4,8,14,7,9,5,2,7.2,7.50
4de1aa31143aa3bfba0ea210c26e4143,3,Order&Grouping,Baseline,2,0,3.13,4,7,7,4,10,6,6,6,6.67
4de1aa31143aa3bfba0ea210c26e4143,8,DataUnderstanding,Intervention,1,0,2.67,4,4,4,2,16,4,2,3.2,5.33
4de1aa31143aa3bfba0ea210c26e4143,5,DataPresentation,Baseline,1,0,2.07,4,2,3,3,17,2,1,2.2,4.67
4de1aa31143aa3bfba0ea210c26e4143,7,DataUnderstanding,Baseline,1,1,2.03,4,1,1,1,15,1,2,1.2,3.50
14df5d9dcaf518ce977db83df0a0bc81,6,DataPresentation,Intervention,1,0,2.77,2,14,1,3,18,5,2,5.00,7.17
14df5d9dcaf518ce977db83df0a0bc81,7,DataUnderstanding,Baseline,1,1,2.35,2,5,2,1,18,5,2,3,5.50
14df5d9dcaf518ce977db83df0a0bc81,5,DataPresentation,Baseline,2,0,3.33,2,9,2,2,15,10,4,5.4,7.00
14df5d9dcaf518ce977db83df0a0bc81,5,DataPresentation,Baseline,1,0,1.85,2,2,2,1,17,3,1,1.8,4.33
14df5d9dcaf518ce977db83df0a0bc81,1,InforOverload,Baseline,2,1,2.23,2,1,1,1,19,2,1,1.2,4.17
14df5d9dcaf518ce977db83df0a0bc81,2,InforOverload,Intervention,2,1,2.17,2,8,2,1,17,6,2,3.8,6.00
14df5d9dcaf518ce977db83df0a0bc81,2,InforOverload,Intervention,1,1,1.15,2,4,1,1,18,2,1,1.8,4.50
14df5d9dcaf518ce977db83df0a0bc81,4,Order&Grouping,Intervention,2,0,1.92,2,3,1,1,0,1,5,2.2,1.83
14df5d9dcaf518ce977db83df0a0bc81,1,InforOverload,Baseline,1,0,1.53,2,5,1,1,16,3,4,2.8,5.00
14df5d9dcaf518ce977db83df0a0bc81,3,Order&Grouping,Baseline,1,1,1.87,2,2,1,1,18,3,3,2,4.67
14df5d9dcaf518ce977db83df0a0bc81,3,Order&Grouping,Baseline,2,1,3.53,2,9,2,3,16,7,2,4.6,6.50
14df5d9dcaf518ce977db83df0a0bc81,6,DataPresentation,Intervention,2,0,2.80,2,9,1,5,12,7,6,5.6,6.67
14df5d9dcaf518ce977db83df0a0bc81,8,DataUnderstanding,Intervention,1,1,3.27,2,14,4,8,13,7,2,7,8.00
14df5d9dcaf518ce977db83df0a0bc81,8,DataUnderstanding,Intervention,2,1,2.53,2,4,2,1,14,4,2,2.6,4.50
14df5d9dcaf518ce977db83df0a0bc81,4,Order&Grouping,Intervention,1,0,2.03,2,4,3,4,13,4,3,3.6,5.17
14df5d9dcaf518ce977db83df0a0bc81,7,DataUnderstanding,Baseline,2,1,1.98,2,3,2,9,14,4,2,4,5.67
a95bbb00b7df15640d1e313971738837,2,InforOverload,Intervention,2,1,7.13,3,10,1,15,10,16,16,11.60,11.33
a95bbb00b7df15640d1e313971738837,8,DataUnderstanding,Intervention,1,1,7.02,3,8,4,8,8,8,14,8.4,8.33
a95bbb00b7df15640d1e313971738837,5,DataPresentation,Baseline,2,0,5.28,3,6,0,4,0,8,20,7.6,6.33
a95bbb00b7df15640d1e313971738837,4,Order&Grouping,Intervention,2,1,5.45,3,4,4,4,4,8,12,6.4,6.00
a95bbb00b7df15640d1e313971738837,7,DataUnderstanding,Baseline,1,1,4.68,3,4,8,2,14,6,4,4.8,6.33
a95bbb00b7df15640d1e313971738837,7,DataUnderstanding,Baseline,2,1,4.73,3,4,0,2,16,8,4,3.6,5.67
a95bbb00b7df15640d1e313971738837,5,DataPresentation,Baseline,1,0,1.53,3,0,0,0,20,0,0,0,3.33
a95bbb00b7df15640d1e313971738837,4,Order&Grouping,Intervention,1,0,2.90,3,0,2,0,0,4,2,1.6,1.33
a95bbb00b7df15640d1e313971738837,8,DataUnderstanding,Intervention,2,1,2.30,3,2,0,2,0,0,16,4,3.33
a95bbb00b7df15640d1e313971738837,6,DataPresentation,Intervention,2,1,3.47,3,2,0,2,18,4,2,2,4.67
a95bbb00b7df15640d1e313971738837,2,InforOverload,Intervention,1,1,1.33,3,0,0,0,20,0,0,0,3.33
a95bbb00b7df15640d1e313971738837,1,InforOverload,Baseline,2,1,1.38,3,0,0,0,20,0,0,0,3.33
a95bbb00b7df15640d1e313971738837,6,DataPresentation,Intervention,1,0,1.05,3,0,0,0,20,0,0,0,3.33
a95bbb00b7df15640d1e313971738837,1,InforOverload,Baseline,1,0,3.27,3,4,2,4,16,10,12,6.4,8.00
a95bbb00b7df15640d1e313971738837,3,Order&Grouping,Baseline,2,0,2.53,3,4,2,4,0,0,20,6,5.00
a95bbb00b7df15640d1e313971738837,3,Order&Grouping,Baseline,1,0,1.68,3,2,2,4,2,6,18,6.4,5.67
a7ed60dcc6fa25931e17c3c870785c1a,1,InforOverload,Baseline,1,0,4.80,4,8,2,12,20,2,4,5.60,8.00
a7ed60dcc6fa25931e17c3c870785c1a,5,DataPresentation,Baseline,2,0,8.07,4,6,2,4,18,6,6,4.8,7.00
a7ed60dcc6fa25931e17c3c870785c1a,4,Order&Grouping,Intervention,1,1,5.78,4,6,4,4,18,6,12,6.4,8.33
a7ed60dcc6fa25931e17c3c870785c1a,2,InforOverload,Intervention,2,1,4.60,4,4,2,4,16,4,8,4.4,6.33
a7ed60dcc6fa25931e17c3c870785c1a,6,DataPresentation,Intervention,1,1,2.08,4,2,2,2,20,2,0,1.6,4.67
a7ed60dcc6fa25931e17c3c870785c1a,1,InforOverload,Baseline,2,1,1.78,4,2,2,0,20,0,0,0.8,4.00
a7ed60dcc6fa25931e17c3c870785c1a,7,DataUnderstanding,Baseline,1,1,1.90,4,2,2,0,20,0,0,0.8,4.00
a7ed60dcc6fa25931e17c3c870785c1a,3,Order&Grouping,Baseline,2,1,9.62,4,8,6,4,16,8,6,6.4,8.00
a7ed60dcc6fa25931e17c3c870785c1a,8,DataUnderstanding,Intervention,1,1,5.63,4,4,4,2,14,6,10,5.2,6.67
a7ed60dcc6fa25931e17c3c870785c1a,4,Order&Grouping,Intervention,2,0,6.33,4,10,4,2,16,8,4,5.6,7.33
a7ed60dcc6fa25931e17c3c870785c1a,7,DataUnderstanding,Baseline,2,0,5.77,4,8,4,2,12,6,10,6,7.00
a7ed60dcc6fa25931e17c3c870785c1a,2,InforOverload,Intervention,1,1,1.25,4,2,2,0,20,0,0,0.8,4.00
a7ed60dcc6fa25931e17c3c870785c1a,8,DataUnderstanding,Intervention,2,0,4.27,4,2,4,2,16,4,12,4.8,6.67
a7ed60dcc6fa25931e17c3c870785c1a,3,Order&Grouping,Baseline,1,1,4.53,4,4,2,2,10,2,10,4,5.00
a7ed60dcc6fa25931e17c3c870785c1a,6,DataPresentation,Intervention,2,1,6.80,4,2,14,4,20,14,10,8.8,10.67
a7ed60dcc6fa25931e17c3c870785c1a,5,DataPresentation,Baseline,1,1,1.53,4,1,1,0,20,0,0,0.4,3.67
5239a8e0f711e4c71bad7475fcdea8f9,1,InforOverload,Baseline,2,1,2.52,3,14,10,0,14,14,2,8.00,9.00
5239a8e0f711e4c71bad7475fcdea8f9,2,InforOverload,Intervention,1,1,2.38,3,12,10,0,14,12,1,7,8.17
5239a8e0f711e4c71bad7475fcdea8f9,6,DataPresentation,Intervention,2,1,2.53,3,10,10,0,12,10,1,6.2,7.17
5239a8e0f711e4c71bad7475fcdea8f9,2,InforOverload,Intervention,2,1,3.42,3,12,10,0,12,12,2,7.2,8.00
5239a8e0f711e4c71bad7475fcdea8f9,7,DataUnderstanding,Baseline,2,1,4.92,3,14,12,0,12,14,3,8.6,9.17
5239a8e0f711e4c71bad7475fcdea8f9,3,Order&Grouping,Baseline,1,1,1.88,3,11,10,0,12,11,2,6.8,7.67
5239a8e0f711e4c71bad7475fcdea8f9,4,Order&Grouping,Intervention,2,1,4.27,3,14,12,0,10,14,4,8.8,9.00
5239a8e0f711e4c71bad7475fcdea8f9,4,Order&Grouping,Intervention,1,0,4.63,3,12,10,0,8,12,6,8,8.00
5239a8e0f711e4c71bad7475fcdea8f9,7,DataUnderstanding,Baseline,1,0,2.25,3,12,10,0,12,10,3,7,7.83
5239a8e0f711e4c71bad7475fcdea8f9,8,DataUnderstanding,Intervention,1,0,3.02,3,15,10,0,13,0,3,5.6,6.83
5239a8e0f711e4c71bad7475fcdea8f9,8,DataUnderstanding,Intervention,2,0,2.27,3,10,14,0,0,12,8,8.8,7.33
5239a8e0f711e4c71bad7475fcdea8f9,3,Order&Grouping,Baseline,2,1,2.22,3,12,10,0,12,12,2,7.2,8.00
5239a8e0f711e4c71bad7475fcdea8f9,6,DataPresentation,Intervention,1,1,1.32,3,10,10,0,14,10,0,6,7.33
5239a8e0f711e4c71bad7475fcdea8f9,1,InforOverload,Baseline,1,0,0.92,3,10,10,0,14,10,0,6,7.33
5239a8e0f711e4c71bad7475fcdea8f9,5,DataPresentation,Baseline,1,0,1.78,3,12,10,0,14,10,2,6.8,8.00
5239a8e0f711e4c71bad7475fcdea8f9,5,DataPresentation,Baseline,2,1,1.93,3,13,10,0,14,0,2,5,6.50
f590b75b4bc22329e5c17f9a2386beab,4,Order&Grouping,Intervention,2,0,5.08,2,10,2,6,11,12,9,7.80,8.33
f590b75b4bc22329e5c17f9a2386beab,6,DataPresentation,Intervention,2,1,1.23,2,2,0,2,14,1,3,1.6,3.67
f590b75b4bc22329e5c17f9a2386beab,2,InforOverload,Intervention,2,1,3.57,2,9,2,7,9,11,8,7.4,7.67
f590b75b4bc22329e5c17f9a2386beab,7,DataUnderstanding,Baseline,1,1,2.48,2,3,1,1,16,4,2,2.2,4.50
f590b75b4bc22329e5c17f9a2386beab,3,Order&Grouping,Baseline,1,1,1.33,2,1,2,3,15,1,4,2.2,4.33
f590b75b4bc22329e5c17f9a2386beab,6,DataPresentation,Intervention,1,1,1.33,2,3,1,3,17,1,1,1.8,4.33
f590b75b4bc22329e5c17f9a2386beab,1,InforOverload,Baseline,2,0,3.75,2,8,1,7,3,19,10,9,8.00
f590b75b4bc22329e5c17f9a2386beab,5,DataPresentation,Baseline,1,1,1.43,2,1,1,1,14,1,2,1.2,3.33
f590b75b4bc22329e5c17f9a2386beab,5,DataPresentation,Baseline,2,1,1.07,2,1,2,3,18,1,2,1.8,4.50
f590b75b4bc22329e5c17f9a2386beab,8,DataUnderstanding,Intervention,2,1,1.37,2,1,0,2,3,1,3,1.4,1.67
f590b75b4bc22329e5c17f9a2386beab,7,DataUnderstanding,Baseline,2,0,1.68,2,3,0,1,2,6,4,2.8,2.67
f590b75b4bc22329e5c17f9a2386beab,3,Order&Grouping,Baseline,2,0,2.75,2,0,0,0,0,0,7,1.4,1.17
f590b75b4bc22329e5c17f9a2386beab,2,InforOverload,Intervention,1,1,0.97,2,1,1,5,19,3,1,2.2,5.00
f590b75b4bc22329e5c17f9a2386beab,4,Order&Grouping,Intervention,1,0,1.50,2,2,1,0,9,1,0,0.8,2.17
f590b75b4bc22329e5c17f9a2386beab,1,InforOverload,Baseline,1,0,0.70,2,1,2,3,3,0,6,2.4,2.50
f590b75b4bc22329e5c17f9a2386beab,8,DataUnderstanding,Intervention,1,1,1.82,2,0,0,0,2,0,0,0,0.33
75fa02012a4940040dcb0e2b1afead5f,2,InforOverload,Intervention,1,1,3.37,1,4,2,5,12,5,7,4.60,5.83
75fa02012a4940040dcb0e2b1afead5f,3,Order&Grouping,Baseline,2,0,5.87,1,7,4,6,8,8,9,6.8,7.00
75fa02012a4940040dcb0e2b1afead5f,3,Order&Grouping,Baseline,1,1,2.92,1,6,4,6,11,6,7,5.8,6.67
75fa02012a4940040dcb0e2b1afead5f,1,InforOverload,Baseline,2,1,2.08,1,4,2,5,11,5,6,4.4,5.50
75fa02012a4940040dcb0e2b1afead5f,5,DataPresentation,Baseline,1,0,1.57,1,2,2,4,12,4,5,3.4,4.83
75fa02012a4940040dcb0e2b1afead5f,7,DataUnderstanding,Baseline,2,0,3.38,1,5,4,6,8,6,8,5.8,6.17
75fa02012a4940040dcb0e2b1afead5f,5,DataPresentation,Baseline,2,0,5.20,1,4,4,5,10,6,7,5.2,6.00
75fa02012a4940040dcb0e2b1afead5f,6,DataPresentation,Intervention,1,1,1.32,1,3,3,4,11,4,6,4,5.17
75fa02012a4940040dcb0e2b1afead5f,1,InforOverload,Baseline,1,0,1.52,1,5,3,5,11,5,5,4.6,5.67
75fa02012a4940040dcb0e2b1afead5f,7,DataUnderstanding,Baseline,1,1,1.58,1,4,3,5,10,5,6,4.6,5.50
75fa02012a4940040dcb0e2b1afead5f,2,InforOverload,Intervention,2,1,3.47,1,5,3,5,10,6,5,4.8,5.67
75fa02012a4940040dcb0e2b1afead5f,4,Order&Grouping,Intervention,1,1,1.55,1,4,3,5,11,4,5,4.2,5.33
75fa02012a4940040dcb0e2b1afead5f,6,DataPresentation,Intervention,2,1,6.28,1,4,2,5,11,5,6,4.4,5.50
75fa02012a4940040dcb0e2b1afead5f,8,DataUnderstanding,Intervention,2,1,2.37,1,5,3,5,7,5,8,5.2,5.50
75fa02012a4940040dcb0e2b1afead5f,4,Order&Grouping,Intervention,2,0,8.05,1,4,3,6,9,5,5,4.6,5.33
75fa02012a4940040dcb0e2b1afead5f,8,DataUnderstanding,Intervention,1,1,2.93,1,6,3,6,7,6,7,5.6,5.83
3f4c532dad81f076e92a935b19f9330c,2,InforOverload,Intervention,2,0,6.98,3,12,8,8,8,6,12,9.20,9.00
3f4c532dad81f076e92a935b19f9330c,4,Order&Grouping,Intervention,2,0,3.53,3,6,6,4,0,0,12,5.6,4.67
3f4c532dad81f076e92a935b19f9330c,2,InforOverload,Intervention,1,1,1.07,3,1,1,1,19,1,2,1.2,4.17
3f4c532dad81f076e92a935b19f9330c,7,DataUnderstanding,Baseline,1,1,3.43,3,6,5,5,17,2,6,4.8,6.83
3f4c532dad81f076e92a935b19f9330c,1,InforOverload,Baseline,1,0,8.07,3,6,2,4,18,2,4,3.6,6.00
3f4c532dad81f076e92a935b19f9330c,5,DataPresentation,Baseline,1,0,14.05,3,3,3,2,14,2,2,2.4,4.33
3f4c532dad81f076e92a935b19f9330c,1,InforOverload,Baseline,2,1,1.87,3,3,3,2,15,2,2,2.4,4.50
3f4c532dad81f076e92a935b19f9330c,8,DataUnderstanding,Intervention,2,0,3.33,3,6,4,4,0,6,10,6,5.00
3f4c532dad81f076e92a935b19f9330c,6,DataPresentation,Intervention,2,1,6.67,3,4,2,2,14,2,2,2.4,4.33
3f4c532dad81f076e92a935b19f9330c,6,DataPresentation,Intervention,1,1,1.22,3,2,2,2,15,2,2,2,4.17
3f4c532dad81f076e92a935b19f9330c,3,Order&Grouping,Baseline,2,1,1.70,3,6,5,3,17,2,2,3.6,5.83
3f4c532dad81f076e92a935b19f9330c,4,Order&Grouping,Intervention,1,1,2.60,3,6,3,4,16,2,4,3.8,5.83
3f4c532dad81f076e92a935b19f9330c,3,Order&Grouping,Baseline,1,1,2.07,3,4,2,2,16,4,2,2.8,5.00
3f4c532dad81f076e92a935b19f9330c,8,DataUnderstanding,Intervention,1,1,3.07,3,14,10,6,6,16,4,10,9.33
3f4c532dad81f076e92a935b19f9330c,5,DataPresentation,Baseline,2,1,1.75,3,8,6,2,16,6,3,5,6.83
3f4c532dad81f076e92a935b19f9330c,7,DataUnderstanding,Baseline,2,1,1.97,3,12,8,6,12,4,4,6.8,7.67
d34a7cf604be34ea8c9a44ba6167d500,6,DataPresentation,Intervention,1,0,3.35,4,20,4,20,10,20,10,14.80,14.00
d34a7cf604be34ea8c9a44ba6167d500,4,Order&Grouping,Intervention,1,0,10.27,4,20,9,20,8,20,20,17.8,16.17
d34a7cf604be34ea8c9a44ba6167d500,1,InforOverload,Baseline,2,1,2.80,4,11,11,11,10,10,10,10.6,10.50
d34a7cf604be34ea8c9a44ba6167d500,3,Order&Grouping,Baseline,2,1,1.95,4,17,8,15,13,14,11,13,13.00
d34a7cf604be34ea8c9a44ba6167d500,1,InforOverload,Baseline,1,0,1.87,4,20,9,11,10,9,10,11.8,11.50
d34a7cf604be34ea8c9a44ba6167d500,7,DataUnderstanding,Baseline,2,0,1.53,4,20,20,20,0,20,20,20,16.67
d34a7cf604be34ea8c9a44ba6167d500,7,DataUnderstanding,Baseline,1,1,1.42,4,20,10,10,9,13,13,13.2,12.50
d34a7cf604be34ea8c9a44ba6167d500,6,DataPresentation,Intervention,2,1,1.45,4,20,10,9,9,9,10,11.6,11.17
d34a7cf604be34ea8c9a44ba6167d500,5,DataPresentation,Baseline,2,0,1.47,4,11,10,9,9,9,10,9.8,9.67
d34a7cf604be34ea8c9a44ba6167d500,4,Order&Grouping,Intervention,2,0,2.55,4,8,10,9,2,15,14,11.2,9.67
d34a7cf604be34ea8c9a44ba6167d500,2,InforOverload,Intervention,2,1,2.55,4,20,11,11,2,16,15,14.6,12.50
d34a7cf604be34ea8c9a44ba6167d500,5,DataPresentation,Baseline,1,0,1.18,4,9,8,9,2,10,11,9.4,8.17
d34a7cf604be34ea8c9a44ba6167d500,8,DataUnderstanding,Intervention,1,0,2.57,4,12,11,10,0,9,10,10.4,8.67
d34a7cf604be34ea8c9a44ba6167d500,3,Order&Grouping,Baseline,1,0,1.13,4,9,8,8,4,5,5,7,6.50
d34a7cf604be34ea8c9a44ba6167d500,8,DataUnderstanding,Intervention,2,1,1.70,4,10,10,10,7,6,7,8.6,8.33
d34a7cf604be34ea8c9a44ba6167d500,2,InforOverload,Intervention,1,1,0.58,4,10,10,10,10,10,10,10,10.00
1b6f5c597751c3349b3a4e29a2366d35,5,DataPresentation,Baseline,1,1,5.40,2,2,0,0,20,0,0,0.40,3.67
1b6f5c597751c3349b3a4e29a2366d35,2,InforOverload,Intervention,1,1,2.87,2,3,0,0,20,1,0,0.8,4.00
1b6f5c597751c3349b3a4e29a2366d35,8,DataUnderstanding,Intervention,1,1,6.70,2,16,2,12,8,19,18,13.4,12.50
1b6f5c597751c3349b3a4e29a2366d35,5,DataPresentation,Baseline,2,0,3.65,2,4,0,0,18,2,0,1.2,4.00
1b6f5c597751c3349b3a4e29a2366d35,7,DataUnderstanding,Baseline,2,0,4.73,2,10,0,4,16,11,8,6.6,8.17
1b6f5c597751c3349b3a4e29a2366d35,6,DataPresentation,Intervention,2,0,2.58,2,16,0,0,20,14,4,6.8,9.00
1b6f5c597751c3349b3a4e29a2366d35,6,DataPresentation,Intervention,1,1,1.98,2,0,0,0,20,0,0,0,3.33
1b6f5c597751c3349b3a4e29a2366d35,7,DataUnderstanding,Baseline,1,1,2.17,2,1,0,0,20,1,0,0.4,3.67
1b6f5c597751c3349b3a4e29a2366d35,4,Order&Grouping,Intervention,1,0,2.28,2,0,4,0,20,4,0,1.6,4.67
1b6f5c597751c3349b3a4e29a2366d35,1,InforOverload,Baseline,1,0,1.07,2,0,1,0,20,0,0,0.2,3.50
1b6f5c597751c3349b3a4e29a2366d35,3,Order&Grouping,Baseline,1,1,1.80,2,4,2,0,20,1,0,1.4,4.50
1b6f5c597751c3349b3a4e29a2366d35,2,InforOverload,Intervention,2,0,3.23,2,15,4,7,10,14,8,9.6,9.67
1b6f5c597751c3349b3a4e29a2366d35,1,InforOverload,Baseline,2,0,2.42,2,3,0,0,17,7,2,2.4,4.83
1b6f5c597751c3349b3a4e29a2366d35,3,Order&Grouping,Baseline,2,0,3.35,2,13,3,9,6,14,13,10.4,9.67
1b6f5c597751c3349b3a4e29a2366d35,4,Order&Grouping,Intervention,2,1,2.07,2,8,2,0,12,10,5,5,6.17
1b6f5c597751c3349b3a4e29a2366d35,8,DataUnderstanding,Intervention,2,1,1.80,2,4,0,0,14,8,2,2.8,4.67
3c54e5e2f13a11b6968318488150d4e7,7,DataUnderstanding,Baseline,1,0,6.08,1,6,2,4,1,5,4,4.20,3.67
3c54e5e2f13a11b6968318488150d4e7,1,InforOverload,Baseline,2,1,3.03,1,2,1,0,20,1,0,0.8,4.00
3c54e5e2f13a11b6968318488150d4e7,4,Order&Grouping,Intervention,1,0,3.77,1,10,2,2,10,10,10,6.8,7.33
3c54e5e2f13a11b6968318488150d4e7,7,DataUnderstanding,Baseline,2,1,4.23,1,2,0,0,12,8,2,2.4,4.00
3c54e5e2f13a11b6968318488150d4e7,5,DataPresentation,Baseline,2,1,2.23,1,2,1,1,12,6,6,3.2,4.67
3c54e5e2f13a11b6968318488150d4e7,5,DataPresentation,Baseline,1,0,2.93,1,10,8,2,8,10,5,7,7.17
3c54e5e2f13a11b6968318488150d4e7,2,InforOverload,Intervention,2,1,2.40,1,10,5,5,12,8,4,6.4,7.33
3c54e5e2f13a11b6968318488150d4e7,2,InforOverload,Intervention,1,1,0.97,1,0,2,2,10,6,2,2.4,3.67
3c54e5e2f13a11b6968318488150d4e7,6,DataPresentation,Intervention,1,1,1.57,1,4,2,2,10,5,2,3,4.17
3c54e5e2f13a11b6968318488150d4e7,8,DataUnderstanding,Intervention,2,0,3.17,1,8,4,4,13,10,5,6.2,7.33
3c54e5e2f13a11b6968318488150d4e7,6,DataPresentation,Intervention,2,1,2.32,1,7,4,2,10,6,2,4.2,5.17
3c54e5e2f13a11b6968318488150d4e7,4,Order&Grouping,Intervention,2,0,4.13,1,8,6,4,6,10,6,6.8,6.67
3c54e5e2f13a11b6968318488150d4e7,1,InforOverload,Baseline,1,0,2.05,1,6,3,2,10,8,4,4.6,5.50
3c54e5e2f13a11b6968318488150d4e7,3,Order&Grouping,Baseline,2,1,3.90,1,6,10,8,6,10,10,8.8,8.33
3c54e5e2f13a11b6968318488150d4e7,3,Order&Grouping,Baseline,1,1,1.82,1,6,6,4,10,7,4,5.4,6.17
3c54e5e2f13a11b6968318488150d4e7,8,DataUnderstanding,Intervention,1,1,2.37,1,10,2,2,8,10,2,5.2,5.67
6d59e2c4a6f115bef7d027e204e60579,3,Order&Grouping,Baseline,1,0,12.87,3,18,15,20,10,18,20,18.20,16.83
6d59e2c4a6f115bef7d027e204e60579,4,Order&Grouping,Intervention,2,0,3.00,3,12,8,14,16,15,11,12,12.67
6d59e2c4a6f115bef7d027e204e60579,1,InforOverload,Baseline,2,1,2.25,3,10,8,12,18,15,8,10.6,11.83
6d59e2c4a6f115bef7d027e204e60579,4,Order&Grouping,Intervention,1,0,3.57,3,12,9,14,19,13,9,11.4,12.67
6d59e2c4a6f115bef7d027e204e60579,5,DataPresentation,Baseline,2,1,2.97,3,12,4,10,20,4,1,6.2,8.50
6d59e2c4a6f115bef7d027e204e60579,2,InforOverload,Intervention,1,1,4.12,3,8,6,7,20,7,3,6.2,8.50
6d59e2c4a6f115bef7d027e204e60579,8,DataUnderstanding,Intervention,2,1,2.43,3,6,2,5,20,3,1,3.4,6.17
6d59e2c4a6f115bef7d027e204e60579,7,DataUnderstanding,Baseline,1,1,1.40,3,4,2,3,20,1,1,2.2,5.17
6d59e2c4a6f115bef7d027e204e60579,1,InforOverload,Baseline,1,0,3.75,3,9,3,10,19,2,2,5.2,7.50
6d59e2c4a6f115bef7d027e204e60579,5,DataPresentation,Baseline,1,0,1.72,3,12,4,13,17,3,3,7,8.67
6d59e2c4a6f115bef7d027e204e60579,8,DataUnderstanding,Intervention,1,0,4.75,3,12,10,13,14,8,4,9.4,10.17
6d59e2c4a6f115bef7d027e204e60579,7,DataUnderstanding,Baseline,2,1,3.98,3,6,5,6,15,4,2,4.6,6.33
6d59e2c4a6f115bef7d027e204e60579,6,DataPresentation,Intervention,2,1,1.08,3,6,4,5,20,2,1,3.6,6.33
6d59e2c4a6f115bef7d027e204e60579,6,DataPresentation,Intervention,1,0,1.67,3,8,5,3,18,4,2,4.4,6.67
6d59e2c4a6f115bef7d027e204e60579,2,InforOverload,Intervention,2,0,4.83,3,12,6,10,16,5,5,7.6,9.00
6d59e2c4a6f115bef7d027e204e60579,3,Order&Grouping,Baseline,2,0,2.37,3,9,5,5,20,3,1,4.6,7.17
3bb97a152c87435dd4171dc8e8169de4,8,DataUnderstanding,Intervention,1,1,6.05,4,13,1,6,20,4,0,4.80,7.33
3bb97a152c87435dd4171dc8e8169de4,6,DataPresentation,Intervention,2,1,1.27,4,3,1,1,20,1,0,1.2,4.33
3bb97a152c87435dd4171dc8e8169de4,3,Order&Grouping,Baseline,2,1,2.22,4,4,2,0,20,3,1,2,5.00
3bb97a152c87435dd4171dc8e8169de4,7,DataUnderstanding,Baseline,1,1,1.75,4,6,5,1,20,4,3,3.8,6.50
3bb97a152c87435dd4171dc8e8169de4,1,InforOverload,Baseline,1,0,1.50,4,6,1,0,19,1,4,2.4,5.17
3bb97a152c87435dd4171dc8e8169de4,3,Order&Grouping,Baseline,1,0,1.20,4,2,1,0,20,1,3,1.4,4.50
3bb97a152c87435dd4171dc8e8169de4,7,DataUnderstanding,Baseline,2,0,1.55,4,5,1,2,20,3,5,3.2,6.00
3bb97a152c87435dd4171dc8e8169de4,8,DataUnderstanding,Intervention,2,0,2.02,4,11,10,4,16,14,13,10.4,11.33
3bb97a152c87435dd4171dc8e8169de4,5,DataPresentation,Baseline,2,0,1.55,4,6,2,2,20,4,2,3.2,6.00
3bb97a152c87435dd4171dc8e8169de4,4,Order&Grouping,Intervention,1,1,1.37,4,8,4,2,19,5,2,4.2,6.67
3bb97a152c87435dd4171dc8e8169de4,5,DataPresentation,Baseline,1,1,1.80,4,12,6,3,18,9,7,7.4,9.17
3bb97a152c87435dd4171dc8e8169de4,1,InforOverload,Baseline,2,1,1.12,4,3,1,0,20,2,3,1.8,4.83
3bb97a152c87435dd4171dc8e8169de4,2,InforOverload,Intervention,2,1,1.43,4,10,7,2,16,12,1,6.4,8.00
3bb97a152c87435dd4171dc8e8169de4,2,InforOverload,Intervention,1,1,0.63,4,4,1,0,20,3,1,1.8,4.83
3bb97a152c87435dd4171dc8e8169de4,6,DataPresentation,Intervention,1,1,0.93,4,5,2,1,19,3,1,2.4,5.17
3bb97a152c87435dd4171dc8e8169de4,4,Order&Grouping,Intervention,2,0,2.28,4,16,6,2,14,16,1,8.2,9.17
9e9942286589a5d427a68a38fba831ac,2,InforOverload,Intervention,2,0,8.80,4,4,2,2,20,2,16,5.20,7.67
9e9942286589a5d427a68a38fba831ac,8,DataUnderstanding,Intervention,1,0,3.58,4,4,6,1,16,6,4,4.2,6.17
9e9942286589a5d427a68a38fba831ac,5,DataPresentation,Baseline,1,1,2.88,4,4,2,2,19,2,3,2.6,5.33
9e9942286589a5d427a68a38fba831ac,2,InforOverload,Intervention,1,1,3.90,4,6,1,1,20,8,4,4,6.67
9e9942286589a5d427a68a38fba831ac,7,DataUnderstanding,Baseline,1,1,3.05,4,2,2,1,20,1,1,1.4,4.50
9e9942286589a5d427a68a38fba831ac,4,Order&Grouping,Intervention,1,0,2.13,4,2,2,2,20,4,2,2.4,5.33
9e9942286589a5d427a68a38fba831ac,3,Order&Grouping,Baseline,1,1,1.32,4,1,1,1,20,3,2,1.6,4.67
9e9942286589a5d427a68a38fba831ac,7,DataUnderstanding,Baseline,2,1,1.98,4,2,2,1,19,2,2,1.8,4.67
9e9942286589a5d427a68a38fba831ac,4,Order&Grouping,Intervention,2,0,3.47,4,9,4,1,14,3,5,4.4,6.00
9e9942286589a5d427a68a38fba831ac,6,DataPresentation,Intervention,1,0,1.12,4,2,2,1,19,2,1,1.6,4.50
9e9942286589a5d427a68a38fba831ac,6,DataPresentation,Intervention,2,0,1.43,4,3,2,1,17,1,2,1.8,4.33
9e9942286589a5d427a68a38fba831ac,8,DataUnderstanding,Intervention,2,1,3.42,4,4,4,1,16,5,4,3.6,5.67
9e9942286589a5d427a68a38fba831ac,1,InforOverload,Baseline,1,0,2.67,4,4,3,1,14,5,4,3.4,5.17
9e9942286589a5d427a68a38fba831ac,5,DataPresentation,Baseline,2,1,2.12,4,8,1,1,15,9,3,4.4,6.17
9e9942286589a5d427a68a38fba831ac,1,InforOverload,Baseline,2,1,0.90,4,1,3,1,19,1,1,1.4,4.33
9e9942286589a5d427a68a38fba831ac,3,Order&Grouping,Baseline,2,0,2.23,4,2,3,1,16,2,3,2.2,4.50
1077fa510ea4c0ed1318aa17f5f550c4,8,DataUnderstanding,Intervention,1,0,6.28,2,6,6,2,8,3,9,5.20,5.67
1077fa510ea4c0ed1318aa17f5f550c4,8,DataUnderstanding,Intervention,2,0,1.52,2,4,4,3,10,2,2,3,4.17
1077fa510ea4c0ed1318aa17f5f550c4,2,InforOverload,Intervention,1,1,2.73,2,6,5,8,8,7,13,7.8,7.83
1077fa510ea4c0ed1318aa17f5f550c4,5,DataPresentation,Baseline,2,1,7.93,2,5,12,3,3,4,10,6.8,6.17
1077fa510ea4c0ed1318aa17f5f550c4,6,DataPresentation,Intervention,1,1,1.73,2,4,4,4,3,3,2,3.4,3.33
1077fa510ea4c0ed1318aa17f5f550c4,6,DataPresentation,Intervention,2,0,3.12,2,3,3,3,4,3,12,4.8,4.67
1077fa510ea4c0ed1318aa17f5f550c4,1,InforOverload,Baseline,1,0,1.35,2,4,4,3,3,3,5,3.8,3.67
1077fa510ea4c0ed1318aa17f5f550c4,5,DataPresentation,Baseline,1,1,2.28,2,5,5,4,2,2,6,4.4,4.00
1077fa510ea4c0ed1318aa17f5f550c4,1,InforOverload,Baseline,2,1,1.62,2,4,3,4,0,3,8,4.4,3.67
1077fa510ea4c0ed1318aa17f5f550c4,7,DataUnderstanding,Baseline,1,1,2.38,2,0,0,0,0,0,0,0,0.00
1077fa510ea4c0ed1318aa17f5f550c4,7,DataUnderstanding,Baseline,2,0,1.82,2,2,3,5,3,3,6,3.8,3.67
1077fa510ea4c0ed1318aa17f5f550c4,4,Order&Grouping,Intervention,1,0,2.85,2,5,4,3,2,4,2,3.6,3.33
1077fa510ea4c0ed1318aa17f5f550c4,2,InforOverload,Intervention,2,0,1.65,2,2,2,2,3,0,6,2.4,2.50
1077fa510ea4c0ed1318aa17f5f550c4,3,Order&Grouping,Baseline,1,1,1.57,2,0,0,1,3,2,0,0.6,1.00
1077fa510ea4c0ed1318aa17f5f550c4,4,Order&Grouping,Intervention,2,0,1.80,2,3,2,4,6,3,2,2.8,3.33
1077fa510ea4c0ed1318aa17f5f550c4,3,Order&Grouping,Baseline,2,1,2.32,2,0,0,0,0,0,0,0,0.00
03f53843dfc50bfc22163f9085aec1d2,1,InforOverload,Baseline,2,1,3.12,3,12,6,10,18,8,18,10.80,12.00
03f53843dfc50bfc22163f9085aec1d2,3,Order&Grouping,Baseline,2,0,5.05,3,16,6,10,10,18,19,13.8,13.17
03f53843dfc50bfc22163f9085aec1d2,5,DataPresentation,Baseline,1,0,4.72,3,10,6,10,2,12,18,11.2,9.67
03f53843dfc50bfc22163f9085aec1d2,4,Order&Grouping,Intervention,2,0,3.10,3,10,6,14,19,16,2,9.6,11.17
03f53843dfc50bfc22163f9085aec1d2,4,Order&Grouping,Intervention,1,0,3.55,3,10,8,16,19,10,1,9,10.67
03f53843dfc50bfc22163f9085aec1d2,5,DataPresentation,Baseline,2,0,2.72,3,12,10,11,12,16,10,11.8,11.83
03f53843dfc50bfc22163f9085aec1d2,7,DataUnderstanding,Baseline,2,1,2.05,3,8,6,16,19,4,1,7,9.00
03f53843dfc50bfc22163f9085aec1d2,8,DataUnderstanding,Intervention,2,0,2.35,3,12,8,16,18,14,10,12,13.00
03f53843dfc50bfc22163f9085aec1d2,7,DataUnderstanding,Baseline,1,0,2.23,3,18,18,18,19,16,18,17.6,17.83
03f53843dfc50bfc22163f9085aec1d2,1,InforOverload,Baseline,1,0,1.03,3,8,10,14,19,8,2,8.4,10.17
03f53843dfc50bfc22163f9085aec1d2,6,DataPresentation,Intervention,2,1,1.25,3,8,5,2,19,7,1,4.6,7.00
03f53843dfc50bfc22163f9085aec1d2,8,DataUnderstanding,Intervention,1,0,2.90,3,14,6,15,19,6,1,8.4,10.17
03f53843dfc50bfc22163f9085aec1d2,3,Order&Grouping,Baseline,1,1,2.70,3,8,6,12,12,14,8,9.6,10.00
03f53843dfc50bfc22163f9085aec1d2,2,InforOverload,Intervention,1,1,1.03,3,6,6,12,19,8,1,6.6,8.67
03f53843dfc50bfc22163f9085aec1d2,6,DataPresentation,Intervention,1,0,2.07,3,6,6,8,19,2,1,4.6,7.00
03f53843dfc50bfc22163f9085aec1d2,2,InforOverload,Intervention,2,0,3.05,3,14,9,12,4,19,18,14.4,12.67
fbe432f807f98082ec2444500ca735c1,6,DataPresentation,Intervention,2,1,0.70,4,3,2,4,11,5,5,3.80,5.00
fbe432f807f98082ec2444500ca735c1,8,DataUnderstanding,Intervention,2,0,0.40,4,3,2,5,11,3,6,3.8,5.00
fbe432f807f98082ec2444500ca735c1,2,InforOverload,Intervention,2,1,0.43,4,3,4,2,11,3,5,3.4,4.67
fbe432f807f98082ec2444500ca735c1,5,DataPresentation,Baseline,2,1,0.72,4,5,4,4,10,4,7,4.8,5.67
fbe432f807f98082ec2444500ca735c1,4,Order&Grouping,Intervention,1,0,1.48,4,3,3,4,9,7,14,6.2,6.67
fbe432f807f98082ec2444500ca735c1,7,DataUnderstanding,Baseline,1,0,0.77,4,2,1,4,10,5,12,4.8,5.67
fbe432f807f98082ec2444500ca735c1,3,Order&Grouping,Baseline,1,1,0.77,4,3,2,5,12,2,10,4.4,5.67
fbe432f807f98082ec2444500ca735c1,3,Order&Grouping,Baseline,2,1,1.62,4,3,2,6,9,4,12,5.4,6.00
fbe432f807f98082ec2444500ca735c1,1,InforOverload,Baseline,2,1,0.48,4,2,1,3,11,3,14,4.6,5.67
fbe432f807f98082ec2444500ca735c1,1,InforOverload,Baseline,1,0,0.98,4,2,3,3,10,4,14,5.2,6.00
fbe432f807f98082ec2444500ca735c1,8,DataUnderstanding,Intervention,1,0,0.47,4,5,2,4,9,4,14,5.8,6.33
fbe432f807f98082ec2444500ca735c1,5,DataPresentation,Baseline,1,1,1.10,4,3,1,3,10,3,17,5.4,6.17
fbe432f807f98082ec2444500ca735c1,2,InforOverload,Intervention,1,1,0.70,4,2,1,2,10,4,13,4.4,5.33
fbe432f807f98082ec2444500ca735c1,6,DataPresentation,Intervention,1,1,1.03,4,3,2,5,11,5,15,6,6.83
fbe432f807f98082ec2444500ca735c1,7,DataUnderstanding,Baseline,2,1,1.00,4,3,2,5,10,3,15,5.6,6.33
fbe432f807f98082ec2444500ca735c1,4,Order&Grouping,Intervention,2,0,0.58,4,2,2,5,12,6,18,6.6,7.50
201f5b7c04e5b51e09b687196b7ed329,1,InforOverload,Baseline,1,1,0.62,2,10,10,12,12,10,8,10.00,10.33
201f5b7c04e5b51e09b687196b7ed329,2,InforOverload,Intervention,2,0,0.57,2,10,10,10,15,11,12,10.6,11.33
201f5b7c04e5b51e09b687196b7ed329,3,Order&Grouping,Baseline,2,0,1.00,2,7,13,8,2,9,17,10.8,9.33
201f5b7c04e5b51e09b687196b7ed329,8,DataUnderstanding,Intervention,2,1,1.50,2,9,14,10,18,9,4,9.2,10.67
201f5b7c04e5b51e09b687196b7ed329,6,DataPresentation,Intervention,2,1,1.38,2,10,8,14,14,11,2,9,9.83
201f5b7c04e5b51e09b687196b7ed329,4,Order&Grouping,Intervention,1,0,0.75,2,12,12,17,2,8,18,13.4,11.50
201f5b7c04e5b51e09b687196b7ed329,7,DataUnderstanding,Baseline,2,1,1.53,2,8,8,13,16,12,8,9.8,10.83
201f5b7c04e5b51e09b687196b7ed329,5,DataPresentation,Baseline,2,0,0.60,2,4,4,4,12,14,1,5.4,6.50
201f5b7c04e5b51e09b687196b7ed329,8,DataUnderstanding,Intervention,1,0,1.95,2,17,18,16,1,7,19,15.4,13.00
201f5b7c04e5b51e09b687196b7ed329,3,Order&Grouping,Baseline,1,1,1.08,2,8,9,8,16,11,1,7.4,8.83
201f5b7c04e5b51e09b687196b7ed329,7,DataUnderstanding,Baseline,1,1,1.50,2,8,8,8,18,9,2,7,8.83
201f5b7c04e5b51e09b687196b7ed329,6,DataPresentation,Intervention,1,1,1.00,2,9,10,4,17,3,2,5.6,7.50
201f5b7c04e5b51e09b687196b7ed329,5,DataPresentation,Baseline,1,1,0.78,2,7,8,7,19,2,2,5.2,7.50
201f5b7c04e5b51e09b687196b7ed329,4,Order&Grouping,Intervention,2,0,0.93,2,18,20,20,6,17,12,17.4,15.50
201f5b7c04e5b51e09b687196b7ed329,2,InforOverload,Intervention,1,1,0.82,2,12,6,6,17,9,1,6.8,8.50
201f5b7c04e5b51e09b687196b7ed329,1,InforOverload,Baseline,2,0,0.87,2,13,5,6,18,5,1,6,8.00
273e84df5345b38feb16e67a5c89eba4,3,Order&Grouping,Baseline,1,0,5.45,2,12.00,2,8,18,10,6,7.60,9.33
273e84df5345b38feb16e67a5c89eba4,2,InforOverload,Intervention,1,1,3.77,2,8.00,2,4,16,4,0,3.60,5.67
273e84df5345b38feb16e67a5c89eba4,2,InforOverload,Intervention,2,0,3.72,2,12.00,2,6,16,6,1,5.40,7.17
273e84df5345b38feb16e67a5c89eba4,1,InforOverload,Baseline,2,1,3.47,2,14.00,2,2,15,5,1,4.80,6.50
273e84df5345b38feb16e67a5c89eba4,3,Order&Grouping,Baseline,2,1,6.35,2,14.00,4,4,12,8,4,6.80,7.67
273e84df5345b38feb16e67a5c89eba4,7,DataUnderstanding,Baseline,2,1,4.05,2,8.00,1,4,16,2,0,3.00,5.17
273e84df5345b38feb16e67a5c89eba4,8,DataUnderstanding,Intervention,2,1,4.65,2,8.00,1,4,12,2,1,3.20,4.67
273e84df5345b38feb16e67a5c89eba4,6,DataPresentation,Intervention,2,0,3.80,2,10.00,1,4,8,6,4,5.00,5.50
273e84df5345b38feb16e67a5c89eba4,5,DataPresentation,Baseline,1,0,2.85,2,10.00,2,2,16,2,1,3.40,5.50
273e84df5345b38feb16e67a5c89eba4,7,DataUnderstanding,Baseline,1,1,4.40,2,8.00,1,4,14,4,2,3.80,5.50
273e84df5345b38feb16e67a5c89eba4,8,DataUnderstanding,Intervention,1,0,4.68,2,12.00,1,4,10,4,2,4.60,5.50
273e84df5345b38feb16e67a5c89eba4,1,InforOverload,Baseline,1,0,1.03,2,4.00,1,1,14,2,0,1.60,3.67
273e84df5345b38feb16e67a5c89eba4,4,Order&Grouping,Intervention,1,0,3.77,2,8.00,2,2,12,4,1,3.40,4.83
273e84df5345b38feb16e67a5c89eba4,4,Order&Grouping,Intervention,2,0,5.42,2,8.00,1,4,15,4,1,3.60,5.50
273e84df5345b38feb16e67a5c89eba4,5,DataPresentation,Baseline,2,0,2.58,2,10.00,3,4,12,6,2,5.00,6.17
273e84df5345b38feb16e67a5c89eba4,6,DataPresentation,Intervention,1,0,1.55,2,6.00,1,1,14,1,1,2.00,4.00
4e153cb3abef0aeab1575b2523d8ceeb,3,Order&Grouping,Baseline,1,0,6.25,1,1,1,2,18,2,2,1.60,4.33
4e153cb3abef0aeab1575b2523d8ceeb,3,Order&Grouping,Baseline,2,0,4.57,1,8,4,12,6,14,18,11.2,10.33
4e153cb3abef0aeab1575b2523d8ceeb,6,DataPresentation,Intervention,2,1,3.18,1,16,8,10,2,16,18,13.6,11.67
4e153cb3abef0aeab1575b2523d8ceeb,2,InforOverload,Intervention,2,0,6.00,1,4,6,12,20,6,4,6.4,8.67
4e153cb3abef0aeab1575b2523d8ceeb,5,DataPresentation,Baseline,1,1,1.90,1,2,0,2,20,1,1,1.2,4.33
4e153cb3abef0aeab1575b2523d8ceeb,1,InforOverload,Baseline,1,0,1.28,1,1,1,1,20,1,1,1,4.17
4e153cb3abef0aeab1575b2523d8ceeb,6,DataPresentation,Intervention,1,1,2.68,1,1,4,1,18,2,1,1.8,4.50
4e153cb3abef0aeab1575b2523d8ceeb,2,InforOverload,Intervention,1,1,1.77,1,4,1,2,18,2,2,2.2,4.83
4e153cb3abef0aeab1575b2523d8ceeb,1,InforOverload,Baseline,2,1,1.47,1,4,4,6,20,4,2,4,6.67
4e153cb3abef0aeab1575b2523d8ceeb,8,DataUnderstanding,Intervention,1,0,4.00,1,6,8,10,6,12,8,8.8,8.33
4e153cb3abef0aeab1575b2523d8ceeb,8,DataUnderstanding,Intervention,2,1,2.77,1,10,10,12,6,14,10,11.2,10.33
4e153cb3abef0aeab1575b2523d8ceeb,4,Order&Grouping,Intervention,1,1,2.13,1,6,10,12,16,10,6,8.8,10.00
4e153cb3abef0aeab1575b2523d8ceeb,7,DataUnderstanding,Baseline,1,0,2.78,1,10,14,14,18,14,8,12,13.00
4e153cb3abef0aeab1575b2523d8ceeb,7,DataUnderstanding,Baseline,2,0,4.62,1,8,10,10,12,8,4,8,8.67
4e153cb3abef0aeab1575b2523d8ceeb,4,Order&Grouping,Intervention,2,1,3.63,1,12,10,8,14,8,8,9.2,10.00
4e153cb3abef0aeab1575b2523d8ceeb,5,DataPresentation,Baseline,2,1,0.92,1,4,2,1,18,16,1,4.8,7.00
573054f39897e544151e5794bd771564,4,Order&Grouping,Intervention,2,0,1.67,1,15,15,16,15,10,5,12.20,12.67
573054f39897e544151e5794bd771564,1,InforOverload,Baseline,2,0,0.42,1,3,5,3,18,5,4,4,6.33
573054f39897e544151e5794bd771564,7,DataUnderstanding,Baseline,2,0,0.47,1,16,16,16,12,17,13,15.6,15.00
573054f39897e544151e5794bd771564,3,Order&Grouping,Baseline,1,1,0.98,1,5,7,4,11,4,6,5.2,6.17
573054f39897e544151e5794bd771564,2,InforOverload,Intervention,1,1,0.47,1,6,4,5,17,7,2,4.8,6.83
573054f39897e544151e5794bd771564,6,DataPresentation,Intervention,2,1,0.53,1,5,5,5,16,5,5,5,6.83
573054f39897e544151e5794bd771564,8,DataUnderstanding,Intervention,2,1,1.70,1,16,15,16,7,12,13,14.4,13.17
573054f39897e544151e5794bd771564,8,DataUnderstanding,Intervention,1,0,0.73,1,16,16,17,2,18,17,16.8,14.33
573054f39897e544151e5794bd771564,1,InforOverload,Baseline,1,0,0.53,1,9,8,9,17,2,5,6.6,8.33
573054f39897e544151e5794bd771564,3,Order&Grouping,Baseline,2,0,0.57,1,8,18,18,6,17,8,13.8,12.50
573054f39897e544151e5794bd771564,2,InforOverload,Intervention,2,0,0.55,1,14,9,6,16,5,9,8.6,9.83
573054f39897e544151e5794bd771564,7,DataUnderstanding,Baseline,1,1,0.92,1,12,10,13,14,10,6,10.2,10.83
573054f39897e544151e5794bd771564,5,DataPresentation,Baseline,1,1,0.87,1,3,3,3,16,3,3,3,5.17
573054f39897e544151e5794bd771564,5,DataPresentation,Baseline,2,1,0.50,1,13,11,14,17,4,7,9.8,11.00
573054f39897e544151e5794bd771564,4,Order&Grouping,Intervention,1,0,1.18,1,11,19,11,18,15,4,12,13.00
573054f39897e544151e5794bd771564,6,DataPresentation,Intervention,1,1,0.67,1,7,10,10,14,15,7,9.8,10.50
5d96bd3788fa28186c8b16577619a486,5,DataPresentation,Baseline,1,0,3.23,3,12,7,15,18,9,12,11.00,12.17
5d96bd3788fa28186c8b16577619a486,4,Order&Grouping,Intervention,1,0,12.23,3,15,9,3,17,14,15,11.2,12.17
5d96bd3788fa28186c8b16577619a486,7,DataUnderstanding,Baseline,1,1,7.22,3,5,5,16,8,6,15,9.4,9.17
5d96bd3788fa28186c8b16577619a486,8,DataUnderstanding,Intervention,1,0,5.68,3,10,10,5,17,11,14,10,11.17
5d96bd3788fa28186c8b16577619a486,4,Order&Grouping,Intervention,2,0,12.65,3,13,7,8,6,8,12,9.6,9.00
5d96bd3788fa28186c8b16577619a486,2,InforOverload,Intervention,2,0,8.08,3,5,6,8,16,6,16,8.2,9.50
5d96bd3788fa28186c8b16577619a486,5,DataPresentation,Baseline,2,0,5.88,3,6,7,5,18,3,6,5.4,7.50
5d96bd3788fa28186c8b16577619a486,1,InforOverload,Baseline,2,1,1.70,3,2,3,12,19,4,4,5,7.33
5d96bd3788fa28186c8b16577619a486,8,DataUnderstanding,Intervention,2,0,8.88,3,5,5,6,18,2,6,4.8,7.00
5d96bd3788fa28186c8b16577619a486,3,Order&Grouping,Baseline,2,1,7.98,3,9,9,7,15,11,12,9.6,10.50
5d96bd3788fa28186c8b16577619a486,1,InforOverload,Baseline,1,0,3.87,3,9,7,7,18,10,7,8,9.67
5d96bd3788fa28186c8b16577619a486,7,DataUnderstanding,Baseline,2,0,5.08,3,6,7,7,19,7,9,7.2,9.17
5d96bd3788fa28186c8b16577619a486,2,InforOverload,Intervention,1,1,2.23,3,4,3,14,18,10,12,8.6,10.17
5d96bd3788fa28186c8b16577619a486,3,Order&Grouping,Baseline,1,1,1.78,3,5,7,16,19,7,12,9.4,11.00
5d96bd3788fa28186c8b16577619a486,6,DataPresentation,Intervention,1,1,2.72,3,6,4,13,19,5,8,7.2,9.17
5d96bd3788fa28186c8b16577619a486,6,DataPresentation,Intervention,2,0,2.93,3,6,6,11,17,8,8,7.8,9.33
8bcb631543bfb681dca61a3007a11caf,6,DataPresentation,Intervention,2,1,5.43,4,4,2,1,20,2,0,1.80,4.83
8bcb631543bfb681dca61a3007a11caf,4,Order&Grouping,Intervention,2,0,7.97,4,10,8,6,6,12,7,8.6,8.17
8bcb631543bfb681dca61a3007a11caf,5,DataPresentation,Baseline,1,1,3.52,4,6,4,4,16,7,3,4.8,6.67
8bcb631543bfb681dca61a3007a11caf,1,InforOverload,Baseline,2,1,4.78,4,8,6,4,18,10,4,6.4,8.33
8bcb631543bfb681dca61a3007a11caf,3,Order&Grouping,Baseline,1,0,6.07,4,8,8,4,16,7,7,6.8,8.33
8bcb631543bfb681dca61a3007a11caf,6,DataPresentation,Intervention,1,1,8.48,4,11,9,4,10,16,10,10,10.00
8bcb631543bfb681dca61a3007a11caf,7,DataUnderstanding,Baseline,1,1,3.93,4,4,3,2,20,4,1,2.8,5.67
8bcb631543bfb681dca61a3007a11caf,4,Order&Grouping,Intervention,1,0,4.37,4,6,9,4,17,7,2,5.6,7.50
8bcb631543bfb681dca61a3007a11caf,8,DataUnderstanding,Intervention,2,0,3.23,4,4,5,3,18,3,2,3.4,5.83
8bcb631543bfb681dca61a3007a11caf,1,InforOverload,Baseline,1,0,2.60,4,4,5,3,19,4,2,3.6,6.17
8bcb631543bfb681dca61a3007a11caf,2,InforOverload,Intervention,2,1,5.10,4,14,12,6,10,12,10,10.8,10.67
8bcb631543bfb681dca61a3007a11caf,2,InforOverload,Intervention,1,1,3.02,4,8,4,5,19,7,4,5.6,7.83
8bcb631543bfb681dca61a3007a11caf,7,DataUnderstanding,Baseline,2,0,3.93,4,14,10,6,18,14,8,10.4,11.67
8bcb631543bfb681dca61a3007a11caf,8,DataUnderstanding,Intervention,1,1,1.98,4,12,7,4,18,10,2,7,8.83
8bcb631543bfb681dca61a3007a11caf,5,DataPresentation,Baseline,2,1,2.48,4,11,7,5,19,11,2,7.2,9.17
8bcb631543bfb681dca61a3007a11caf,3,Order&Grouping,Baseline,2,0,1.93,4,7,2,4,19,2,2,3.4,6.00
d242d66d2fb1847144fcb3ef3b1af6ad,8,DataUnderstanding,Intervention,2,1,4.30,0,6,0,1,20,3,0,2.00,5.00
d242d66d2fb1847144fcb3ef3b1af6ad,1,InforOverload,Baseline,1,0,3.17,0,0,0,1,20,0,0,0.2,3.50
d242d66d2fb1847144fcb3ef3b1af6ad,2,InforOverload,Intervention,2,0,5.23,0,3,0,2,10,2,7,2.8,4.00
d242d66d2fb1847144fcb3ef3b1af6ad,5,DataPresentation,Baseline,2,1,5.38,0,2,0,1,20,1,0,0.8,4.00
d242d66d2fb1847144fcb3ef3b1af6ad,5,DataPresentation,Baseline,1,0,1.82,0,0,0,0,20,0,0,0,3.33
d242d66d2fb1847144fcb3ef3b1af6ad,8,DataUnderstanding,Intervention,1,0,7.30,0,5,0,2,16,4,10,4.2,6.17
d242d66d2fb1847144fcb3ef3b1af6ad,1,InforOverload,Baseline,2,1,6.32,0,4,0,3,18,3,4,2.8,5.33
d242d66d2fb1847144fcb3ef3b1af6ad,3,Order&Grouping,Baseline,2,0,3.85,0,4,0,3,16,3,5,3,5.17
d242d66d2fb1847144fcb3ef3b1af6ad,4,Order&Grouping,Intervention,2,1,2.93,0,2,0,1,19,0,5,1.6,4.50
d242d66d2fb1847144fcb3ef3b1af6ad,2,InforOverload,Intervention,1,1,2.87,0,1,0,2,17,1,12,3.2,5.50
d242d66d2fb1847144fcb3ef3b1af6ad,3,Order&Grouping,Baseline,1,1,3.67,0,2,0,2,20,0,4,1.6,4.67
d242d66d2fb1847144fcb3ef3b1af6ad,6,DataPresentation,Intervention,2,0,7.53,0,3,0,1,19,1,1,1.2,4.17
d242d66d2fb1847144fcb3ef3b1af6ad,6,DataPresentation,Intervention,1,1,1.42,0,1,0,1,20,1,0,0.6,3.83
d242d66d2fb1847144fcb3ef3b1af6ad,7,DataUnderstanding,Baseline,1,1,2.55,0,0,0,0,20,0,0,0,3.33
d242d66d2fb1847144fcb3ef3b1af6ad,4,Order&Grouping,Intervention,1,1,3.82,0,1,0,2,20,1,3,1.4,4.50
d242d66d2fb1847144fcb3ef3b1af6ad,7,DataUnderstanding,Baseline,2,1,3.63,0,3,0,3,12,2,14,4.4,5.67
dd67ef251854b6bd3e53c5a7e3e32946,4,Order&Grouping,Intervention,1,0,3.70,2,6,8,6,20,2,0,4.40,7.00
dd67ef251854b6bd3e53c5a7e3e32946,1,InforOverload,Baseline,2,1,1.67,2,4,2,2,20,1,0,1.8,4.83
dd67ef251854b6bd3e53c5a7e3e32946,3,Order&Grouping,Baseline,2,0,0.72,2,6,4,2,20,2,0,2.8,5.67
dd67ef251854b6bd3e53c5a7e3e32946,6,DataPresentation,Intervention,2,1,3.87,2,6,4,4,20,2,0,3.2,6.00
dd67ef251854b6bd3e53c5a7e3e32946,1,InforOverload,Baseline,1,0,1.48,2,3,1,1,20,1,0,1.2,4.33
dd67ef251854b6bd3e53c5a7e3e32946,4,Order&Grouping,Intervention,2,1,0.55,2,4,2,2,20,1,0,1.8,4.83
dd67ef251854b6bd3e53c5a7e3e32946,7,DataUnderstanding,Baseline,2,1,2.58,2,2,2,2,20,1,0,1.4,4.50
dd67ef251854b6bd3e53c5a7e3e32946,3,Order&Grouping,Baseline,1,0,1.08,2,1,1,1,20,0,0,0.6,3.83
dd67ef251854b6bd3e53c5a7e3e32946,6,DataPresentation,Intervention,1,1,1.68,2,2,2,1,20,0,0,1,4.17
dd67ef251854b6bd3e53c5a7e3e32946,7,DataUnderstanding,Baseline,1,1,1.43,2,2,2,1,20,0,0,1,4.17
dd67ef251854b6bd3e53c5a7e3e32946,5,DataPresentation,Baseline,1,0,1.22,2,2,2,1,20,0,0,1,4.17
dd67ef251854b6bd3e53c5a7e3e32946,8,DataUnderstanding,Intervention,2,1,1.63,2,2,2,1,20,0,0,1,4.17
dd67ef251854b6bd3e53c5a7e3e32946,8,DataUnderstanding,Intervention,1,0,2.73,2,2,4,4,20,2,0,2.4,5.33
dd67ef251854b6bd3e53c5a7e3e32946,5,DataPresentation,Baseline,2,0,1.40,2,2,2,1,20,1,0,1.2,4.33
dd67ef251854b6bd3e53c5a7e3e32946,2,InforOverload,Intervention,1,1,0.63,2,2,1,1,20,0,0,0.8,4.00
dd67ef251854b6bd3e53c5a7e3e32946,2,InforOverload,Intervention,2,1,0.88,2,4,3,3,20,0,0,2,5.00
2eeb41c16b5c07e1794c94fea744e76c,2,InforOverload,Intervention,2,1,8.40,1,2,2,0,20,6,2,2.40,5.33
2eeb41c16b5c07e1794c94fea744e76c,3,Order&Grouping,Baseline,2,0,6.30,1,4,2,0,18,5,3,2.8,5.33
2eeb41c16b5c07e1794c94fea744e76c,8,DataUnderstanding,Intervention,2,1,2.95,1,1,1,0,20,1,1,0.8,4.00
2eeb41c16b5c07e1794c94fea744e76c,2,InforOverload,Intervention,1,1,2.25,1,1,1,0,20,0,0,0.4,3.67
2eeb41c16b5c07e1794c94fea744e76c,7,DataUnderstanding,Baseline,1,0,4.98,1,1,1,0,18,1,2,1,3.83
2eeb41c16b5c07e1794c94fea744e76c,4,Order&Grouping,Intervention,1,0,3.17,1,1,1,0,20,1,2,1,4.17
2eeb41c16b5c07e1794c94fea744e76c,5,DataPresentation,Baseline,2,1,3.97,1,2,2,0,20,2,0,1.2,4.33
2eeb41c16b5c07e1794c94fea744e76c,7,DataUnderstanding,Baseline,2,0,2.80,1,2,1,0,18,2,2,1.4,4.17
2eeb41c16b5c07e1794c94fea744e76c,5,DataPresentation,Baseline,1,0,3.08,1,1,1,0,20,1,1,0.8,4.00
2eeb41c16b5c07e1794c94fea744e76c,1,InforOverload,Baseline,1,0,2.55,1,1,1,0,20,2,0,0.8,4.00
2eeb41c16b5c07e1794c94fea744e76c,4,Order&Grouping,Intervention,2,0,7.17,1,4,4,0,10,6,10,4.8,5.67
2eeb41c16b5c07e1794c94fea744e76c,3,Order&Grouping,Baseline,1,0,2.33,1,2,2,0,19,2,2,1.6,4.50
2eeb41c16b5c07e1794c94fea744e76c,8,DataUnderstanding,Intervention,1,0,9.05,1,5,3,0,16,5,4,3.4,5.50
2eeb41c16b5c07e1794c94fea744e76c,1,InforOverload,Baseline,2,1,5.78,1,1,1,0,20,1,0,0.6,3.83
2eeb41c16b5c07e1794c94fea744e76c,6,DataPresentation,Intervention,2,1,0.90,1,1,1,0,20,1,0,0.6,3.83
2eeb41c16b5c07e1794c94fea744e76c,6,DataPresentation,Intervention,1,0,1.58,1,1,1,0,20,1,0,0.6,3.83
b225ee071f1c5a344d2d97c715b0eeea,1,InforOverload,Baseline,2,1,5.70,4,2,6,0,18,4,4,3.20,5.67
b225ee071f1c5a344d2d97c715b0eeea,8,DataUnderstanding,Intervention,1,1,6.53,4,10,8,6,18,8,4,7.2,9.00
b225ee071f1c5a344d2d97c715b0eeea,5,DataPresentation,Baseline,1,1,3.93,4,2,2,2,18,2,0,1.6,4.33
b225ee071f1c5a344d2d97c715b0eeea,4,Order&Grouping,Intervention,2,1,9.35,4,12,4,10,12,10,8,8.8,9.33
b225ee071f1c5a344d2d97c715b0eeea,5,DataPresentation,Baseline,2,0,10.75,4,14,20,6,18,18,18,15.2,15.67
b225ee071f1c5a344d2d97c715b0eeea,1,InforOverload,Baseline,1,0,3.68,4,8,2,4,8,2,12,5.6,6.00
b225ee071f1c5a344d2d97c715b0eeea,6,DataPresentation,Intervention,2,1,8.23,4,10,14,6,10,10,12,10.4,10.33
b225ee071f1c5a344d2d97c715b0eeea,7,DataUnderstanding,Baseline,2,1,4.48,4,8,5,2,14,4,2,4.2,5.83
b225ee071f1c5a344d2d97c715b0eeea,4,Order&Grouping,Intervention,1,0,1.73,4,2,2,2,18,2,0,1.6,4.33
b225ee071f1c5a344d2d97c715b0eeea,6,DataPresentation,Intervention,1,1,1.95,4,4,2,2,14,2,0,2,4.00
b225ee071f1c5a344d2d97c715b0eeea,3,Order&Grouping,Baseline,1,1,2.93,4,4,8,2,2,2,0,3.2,3.00
b225ee071f1c5a344d2d97c715b0eeea,3,Order&Grouping,Baseline,2,1,16.67,4,6,2,2,10,6,0,3.2,4.33
b225ee071f1c5a344d2d97c715b0eeea,2,InforOverload,Intervention,2,0,12.12,4,4,4,0,16,2,0,2,4.33
b225ee071f1c5a344d2d97c715b0eeea,8,DataUnderstanding,Intervention,2,1,2.20,4,2,2,0,18,4,0,1.6,4.33
b225ee071f1c5a344d2d97c715b0eeea,7,DataUnderstanding,Baseline,1,1,3.77,4,4,2,0,18,2,0,1.6,4.33
b225ee071f1c5a344d2d97c715b0eeea,2,InforOverload,Intervention,1,0,1.63,4,1,1,0,18,1,0,0.6,3.50
19e75b7a56108907ab60668869aeef71,7,DataUnderstanding,Baseline,2,0,17.70,4,2,0,6,0,6,20,6.80,5.67
19e75b7a56108907ab60668869aeef71,5,DataPresentation,Baseline,2,1,6.05,4,1,0,2,12,4,10,3.4,4.83
19e75b7a56108907ab60668869aeef71,1,InforOverload,Baseline,2,1,3.72,4,0,0,2,14,2,4,1.6,3.67
19e75b7a56108907ab60668869aeef71,3,Order&Grouping,Baseline,2,1,4.02,4,2,0,3,8,3,4,2.4,3.33
19e75b7a56108907ab60668869aeef71,4,Order&Grouping,Intervention,1,1,2.98,4,0,0,2,12,2,3,1.4,3.17
19e75b7a56108907ab60668869aeef71,8,DataUnderstanding,Intervention,2,1,2.97,4,1,0,1,16,1,2,1,3.50
19e75b7a56108907ab60668869aeef71,8,DataUnderstanding,Intervention,1,1,5.87,4,4,0,1,14,2,6,2.6,4.50
19e75b7a56108907ab60668869aeef71,2,InforOverload,Intervention,1,1,10.95,4,0,0,0,16,1,4,1,3.50
19e75b7a56108907ab60668869aeef71,1,InforOverload,Baseline,1,0,4.72,4,0,0,0,18,1,2,0.6,3.50
19e75b7a56108907ab60668869aeef71,3,Order&Grouping,Baseline,1,1,3.22,4,0,0,0,20,1,1,0.4,3.67
19e75b7a56108907ab60668869aeef71,7,DataUnderstanding,Baseline,1,1,2.90,4,0,0,0,14,1,6,1.4,3.50
19e75b7a56108907ab60668869aeef71,4,Order&Grouping,Intervention,2,0,8.13,4,0,0,2,10,0,14,3.2,4.33
19e75b7a56108907ab60668869aeef71,5,DataPresentation,Baseline,1,0,2.28,4,0,0,0,16,0,2,0.4,3.00
19e75b7a56108907ab60668869aeef71,6,DataPresentation,Intervention,1,1,7.47,4,0,0,0,18,0,2,0.4,3.33
19e75b7a56108907ab60668869aeef71,6,DataPresentation,Intervention,2,0,5.82,4,0,0,0,18,0,8,1.6,4.33
19e75b7a56108907ab60668869aeef71,2,InforOverload,Intervention,2,1,4.57,4,0,0,0,10,4,14,3.6,4.67
50e34775d8678fa3fe27b491dc56d56a,6,DataPresentation,Intervention,2,1,13.37,3,2,2,1,15,1,1,1.40,3.67
50e34775d8678fa3fe27b491dc56d56a,5,DataPresentation,Baseline,2,1,20.20,3,1,1,1,15,1,1,1,3.33
50e34775d8678fa3fe27b491dc56d56a,2,InforOverload,Intervention,2,1,19.48,3,1,1,1,15,1,1,1,3.33
50e34775d8678fa3fe27b491dc56d56a,4,Order&Grouping,Intervention,2,0,21.40,3,5,1,1,15,1,1,1.8,4.00
50e34775d8678fa3fe27b491dc56d56a,8,DataUnderstanding,Intervention,1,0,18.42,3,2,2,1,15,1,1,1.4,3.67
50e34775d8678fa3fe27b491dc56d56a,8,DataUnderstanding,Intervention,2,0,5.98,3,1,1,1,15,1,1,1,3.33
50e34775d8678fa3fe27b491dc56d56a,1,InforOverload,Baseline,2,1,19.25,3,1,1,1,15,1,1,1,3.33
50e34775d8678fa3fe27b491dc56d56a,3,Order&Grouping,Baseline,1,1,8.00,3,1,1,1,15,1,1,1,3.33
50e34775d8678fa3fe27b491dc56d56a,1,InforOverload,Baseline,1,0,7.30,3,1,1,1,15,1,1,1,3.33
50e34775d8678fa3fe27b491dc56d56a,6,DataPresentation,Intervention,1,1,2.68,3,1,1,1,15,1,1,1,3.33
50e34775d8678fa3fe27b491dc56d56a,7,DataUnderstanding,Baseline,2,1,5.25,3,2,1,1,15,1,2,1.4,3.67
50e34775d8678fa3fe27b491dc56d56a,4,Order&Grouping,Intervention,1,1,25.53,3,1,1,1,15,1,1,1,3.33
50e34775d8678fa3fe27b491dc56d56a,7,DataUnderstanding,Baseline,1,1,2.77,3,1,1,1,15,1,1,1,3.33
50e34775d8678fa3fe27b491dc56d56a,5,DataPresentation,Baseline,1,1,6.10,3,1,1,1,15,1,1,1,3.33
50e34775d8678fa3fe27b491dc56d56a,2,InforOverload,Intervention,1,1,22.63,3,1,1,1,15,1,1,1,3.33
50e34775d8678fa3fe27b491dc56d56a,3,Order&Grouping,Baseline,2,1,15.57,3,1,1,1,15,1,1,1,3.33
f146aa466b53b8332598d7a7bfca9d4c,1,InforOverload,Baseline,1,0,5.32,2,8,1,1,18,4,1,3.00,5.50
f146aa466b53b8332598d7a7bfca9d4c,5,DataPresentation,Baseline,2,0,6.10,2,12,0,4,20,14,0,6,8.33
f146aa466b53b8332598d7a7bfca9d4c,1,InforOverload,Baseline,2,1,2.57,2,6,0,1,20,4,0,2.2,5.17
f146aa466b53b8332598d7a7bfca9d4c,5,DataPresentation,Baseline,1,0,2.32,2,4,0,1,12,4,1,2,3.67
f146aa466b53b8332598d7a7bfca9d4c,6,DataPresentation,Intervention,2,0,4.12,2,10,1,1,19,8,0,4,6.50
f146aa466b53b8332598d7a7bfca9d4c,2,InforOverload,Intervention,1,0,3.28,2,13,0,6,0,13,20,10.4,8.67
f146aa466b53b8332598d7a7bfca9d4c,3,Order&Grouping,Baseline,1,0,3.07,2,10,0,0,0,9,20,7.8,6.50
f146aa466b53b8332598d7a7bfca9d4c,7,DataUnderstanding,Baseline,2,1,4.38,2,9,0,1,16,16,0,5.2,7.00
f146aa466b53b8332598d7a7bfca9d4c,2,InforOverload,Intervention,2,1,6.90,2,19,1,2,12,20,0,8.4,9.00
f146aa466b53b8332598d7a7bfca9d4c,4,Order&Grouping,Intervention,1,0,3.78,2,8,0,0,20,9,0,3.4,6.17
f146aa466b53b8332598d7a7bfca9d4c,6,DataPresentation,Intervention,1,0,1.37,2,6,0,1,20,4,0,2.2,5.17
f146aa466b53b8332598d7a7bfca9d4c,7,DataUnderstanding,Baseline,1,0,1.60,2,5,0,0,19,7,1,2.6,5.33
f146aa466b53b8332598d7a7bfca9d4c,8,DataUnderstanding,Intervention,2,1,1.88,2,5,0,1,18,4,0,2,4.67
f146aa466b53b8332598d7a7bfca9d4c,4,Order&Grouping,Intervention,2,0,2.50,2,4,0,1,11,9,3,3.4,4.67
f146aa466b53b8332598d7a7bfca9d4c,3,Order&Grouping,Baseline,2,0,3.08,2,9,0,4,10,12,2,5.4,6.17
f146aa466b53b8332598d7a7bfca9d4c,8,DataUnderstanding,Intervention,1,0,2.83,2,9,0,8,2,10,7,6.8,6.00
e05617a1f0fda41ad3c8e1acac5a0640,1,InforOverload,Baseline,2,1,3.63,3,9,4,15,17,9,16,10.60,11.67
e05617a1f0fda41ad3c8e1acac5a0640,7,DataUnderstanding,Baseline,2,0,4.23,3,4,4,10,0,15,17,10,8.33
e05617a1f0fda41ad3c8e1acac5a0640,3,Order&Grouping,Baseline,1,0,1.55,3,10,1,13,0,12,19,11,9.17
e05617a1f0fda41ad3c8e1acac5a0640,4,Order&Grouping,Intervention,1,0,2.47,3,10,9,13,0,9,17,11.6,9.67
e05617a1f0fda41ad3c8e1acac5a0640,8,DataUnderstanding,Intervention,2,0,1.73,3,8,0,11,0,10,17,9.2,7.67
e05617a1f0fda41ad3c8e1acac5a0640,3,Order&Grouping,Baseline,2,0,2.87,3,5,8,6,9,9,4,6.4,6.83
e05617a1f0fda41ad3c8e1acac5a0640,2,InforOverload,Intervention,2,0,1.85,3,7,4,7,0,8,14,8,6.67
e05617a1f0fda41ad3c8e1acac5a0640,1,InforOverload,Baseline,1,0,5.62,3,6,7,10,0,10,9,8.4,7.00
e05617a1f0fda41ad3c8e1acac5a0640,2,InforOverload,Intervention,1,0,1.73,3,2,1,3,17,2,2,2,4.50
e05617a1f0fda41ad3c8e1acac5a0640,4,Order&Grouping,Intervention,2,1,1.67,3,9,9,12,0,6,14,10,8.33
e05617a1f0fda41ad3c8e1acac5a0640,8,DataUnderstanding,Intervention,1,0,0.95,3,7,4,2,6,9,9,6.2,6.17
e05617a1f0fda41ad3c8e1acac5a0640,5,DataPresentation,Baseline,2,0,1.35,3,6,2,8,12,12,7,7,7.83
e05617a1f0fda41ad3c8e1acac5a0640,7,DataUnderstanding,Baseline,1,0,1.73,3,4,14,9,2,9,8,8.8,7.67
e05617a1f0fda41ad3c8e1acac5a0640,6,DataPresentation,Intervention,1,0,2.22,3,8,15,14,0,17,18,14.4,12.00
e05617a1f0fda41ad3c8e1acac5a0640,6,DataPresentation,Intervention,2,1,1.25,3,7,8,10,16,9,7,8.2,9.50
e05617a1f0fda41ad3c8e1acac5a0640,5,DataPresentation,Baseline,1,0,0.92,3,6,11,7,3,7,13,8.8,7.83
ea9f8603c7fe46c2f273f8857109d82b,2,InforOverload,Intervention,2,1,7.15,3,6,0,2,16,4,0,2.40,4.67
ea9f8603c7fe46c2f273f8857109d82b,8,DataUnderstanding,Intervention,2,1,2.53,3,4,0,0,16,2,0,1.2,3.67
ea9f8603c7fe46c2f273f8857109d82b,4,Order&Grouping,Intervention,2,0,3.83,3,2,0,2,8,1,0,1,2.17
ea9f8603c7fe46c2f273f8857109d82b,3,Order&Grouping,Baseline,1,1,2.10,3,2,0,1,12,0,0,0.6,2.50
ea9f8603c7fe46c2f273f8857109d82b,8,DataUnderstanding,Intervention,1,0,9.27,3,8,0,4,2,0,0,2.4,2.33
ea9f8603c7fe46c2f273f8857109d82b,6,DataPresentation,Intervention,1,0,3.78,3,4,0,2,6,0,0,1.2,2.00
ea9f8603c7fe46c2f273f8857109d82b,2,InforOverload,Intervention,1,1,0.93,3,1,0,0,16,0,0,0.2,2.83
ea9f8603c7fe46c2f273f8857109d82b,5,DataPresentation,Baseline,2,1,0.85,3,1,0,0,10,0,0,0.2,1.83
ea9f8603c7fe46c2f273f8857109d82b,7,DataUnderstanding,Baseline,2,0,5.15,3,1,0,1,10,2,2,1.2,2.67
ea9f8603c7fe46c2f273f8857109d82b,5,DataPresentation,Baseline,1,1,2.15,3,3,0,1,14,1,2,1.4,3.50
ea9f8603c7fe46c2f273f8857109d82b,6,DataPresentation,Intervention,2,1,1.73,3,3,0,0,10,2,1,1.2,2.67
ea9f8603c7fe46c2f273f8857109d82b,1,InforOverload,Baseline,1,0,2.02,3,2,0,0,10,3,1,1.2,2.67
ea9f8603c7fe46c2f273f8857109d82b,7,DataUnderstanding,Baseline,1,1,2.12,3,2,0,0,9,2,4,1.6,2.83
ea9f8603c7fe46c2f273f8857109d82b,1,InforOverload,Baseline,2,1,1.37,3,2,0,0,14,1,0,0.6,2.83
ea9f8603c7fe46c2f273f8857109d82b,4,Order&Grouping,Intervention,1,1,3.53,3,2,0,0,11,2,0,0.8,2.50
ea9f8603c7fe46c2f273f8857109d82b,3,Order&Grouping,Baseline,2,0,4.27,3,3,0,0,4,1,4,1.6,2.00
e5d91ebccd325cbf79a95ebbc5099b52,1,InforOverload,Baseline,2,1,18.45,1,2,6,1,20,4,4,3.40,6.17
e5d91ebccd325cbf79a95ebbc5099b52,7,DataUnderstanding,Baseline,2,1,4.62,1,5,4,1,16,6,1,3.4,5.50
e5d91ebccd325cbf79a95ebbc5099b52,5,DataPresentation,Baseline,1,0,1.62,1,4,3,2,16,2,1,2.4,4.67
e5d91ebccd325cbf79a95ebbc5099b52,2,InforOverload,Intervention,1,1,1.37,1,3,4,2,16,3,1,2.6,4.83
e5d91ebccd325cbf79a95ebbc5099b52,8,DataUnderstanding,Intervention,2,1,1.70,1,3,4,2,20,2,1,2.4,5.33
e5d91ebccd325cbf79a95ebbc5099b52,3,Order&Grouping,Baseline,1,1,1.72,1,4,3,1,18,3,1,2.4,5.00
e5d91ebccd325cbf79a95ebbc5099b52,4,Order&Grouping,Intervention,2,0,4.60,1,6,4,1,4,6,6,4.6,4.50
e5d91ebccd325cbf79a95ebbc5099b52,5,DataPresentation,Baseline,2,0,2.65,1,5,3,1,17,5,2,3.2,5.50
e5d91ebccd325cbf79a95ebbc5099b52,1,InforOverload,Baseline,1,0,0.93,1,4,2,1,18,2,0,1.8,4.50
e5d91ebccd325cbf79a95ebbc5099b52,6,DataPresentation,Intervention,1,1,1.33,1,5,3,1,20,3,0,2.4,5.33
e5d91ebccd325cbf79a95ebbc5099b52,7,DataUnderstanding,Baseline,1,1,1.47,1,4,2,2,19,3,0,2.2,5.00
e5d91ebccd325cbf79a95ebbc5099b52,6,DataPresentation,Intervention,2,0,1.03,1,3,1,1,20,2,0,1.4,4.50
e5d91ebccd325cbf79a95ebbc5099b52,2,InforOverload,Intervention,2,1,1.42,1,4,2,0,14,3,1,2,4.00
e5d91ebccd325cbf79a95ebbc5099b52,4,Order&Grouping,Intervention,1,0,2.68,1,4,2,1,16,2,0,1.8,4.17
e5d91ebccd325cbf79a95ebbc5099b52,3,Order&Grouping,Baseline,2,1,2.98,1,6,2,1,12,4,3,3.2,4.67
e5d91ebccd325cbf79a95ebbc5099b52,8,DataUnderstanding,Intervention,1,0,9.78,1,8,7,1,2,11,9,7.2,6.33
eca7168874690d858f92aff51f2656a9,7,DataUnderstanding,Baseline,2,1,2.97,3,3,1,1,18,1,2,1.60,4.33
eca7168874690d858f92aff51f2656a9,4,Order&Grouping,Intervention,2,0,4.82,3,6,1,1,10,5,3,3.2,4.33
eca7168874690d858f92aff51f2656a9,8,DataUnderstanding,Intervention,2,0,10.78,3,1,1,1,18,1,1,1,3.83
eca7168874690d858f92aff51f2656a9,3,Order&Grouping,Baseline,1,1,4.33,3,1,1,1,18,1,1,1,3.83
eca7168874690d858f92aff51f2656a9,8,DataUnderstanding,Intervention,1,0,16.50,3,6,1,1,10,6,4,3.6,4.67
eca7168874690d858f92aff51f2656a9,3,Order&Grouping,Baseline,2,1,3.88,3,1,1,1,1,3,1,1.4,1.33
eca7168874690d858f92aff51f2656a9,1,InforOverload,Baseline,2,1,12.07,3,1,1,1,18,1,2,1.2,4.00
eca7168874690d858f92aff51f2656a9,7,DataUnderstanding,Baseline,1,1,7.68,3,1,1,1,18,1,1,1,3.83
eca7168874690d858f92aff51f2656a9,4,Order&Grouping,Intervention,1,0,6.53,3,1,1,1,10,1,4,1.6,3.00
eca7168874690d858f92aff51f2656a9,1,InforOverload,Baseline,1,0,6.35,3,1,1,1,18,1,2,1.2,4.00
eca7168874690d858f92aff51f2656a9,6,DataPresentation,Intervention,2,1,6.62,3,1,1,1,18,1,2,1.2,4.00
eca7168874690d858f92aff51f2656a9,5,DataPresentation,Baseline,2,1,1.98,3,1,1,1,18,1,1,1,3.83
eca7168874690d858f92aff51f2656a9,6,DataPresentation,Intervention,1,0,3.07,3,1,1,1,18,1,2,1.2,4.00
eca7168874690d858f92aff51f2656a9,2,InforOverload,Intervention,2,1,3.90,3,1,1,1,18,1,3,1.4,4.17
eca7168874690d858f92aff51f2656a9,5,DataPresentation,Baseline,1,1,12.93,3,1,1,1,18,1,2,1.2,4.00
eca7168874690d858f92aff51f2656a9,2,InforOverload,Intervention,1,1,1.50,3,1,1,1,18,1,2,1.2,4.00
bb37294dacd732bf3e651ecbbe80fea8,7,DataUnderstanding,Baseline,1,1,5.47,3,1,1,1,16,1,1,1.00,3.50
bb37294dacd732bf3e651ecbbe80fea8,2,InforOverload,Intervention,1,1,6.42,3,1,1,1,1,15,1,3.8,3.33
bb37294dacd732bf3e651ecbbe80fea8,2,InforOverload,Intervention,2,1,8.25,3,1,1,1,15,1,1,1,3.33
bb37294dacd732bf3e651ecbbe80fea8,4,Order&Grouping,Intervention,2,0,1.63,3,1,1,1,15,1,1,1,3.33
bb37294dacd732bf3e651ecbbe80fea8,6,DataPresentation,Intervention,1,1,4.55,3,1,1,1,15,1,1,1,3.33
bb37294dacd732bf3e651ecbbe80fea8,5,DataPresentation,Baseline,2,1,0.50,3,1,1,1,15,1,1,1,3.33
bb37294dacd732bf3e651ecbbe80fea8,6,DataPresentation,Intervention,2,1,0.42,3,1,1,1,15,1,1,1,3.33
bb37294dacd732bf3e651ecbbe80fea8,3,Order&Grouping,Baseline,1,1,1.38,3,1,1,1,15,1,1,1,3.33
bb37294dacd732bf3e651ecbbe80fea8,1,InforOverload,Baseline,1,0,1.50,3,1,1,1,15,1,1,1,3.33
bb37294dacd732bf3e651ecbbe80fea8,1,InforOverload,Baseline,2,1,1.73,3,1,1,1,15,1,1,1,3.33
bb37294dacd732bf3e651ecbbe80fea8,5,DataPresentation,Baseline,1,0,1.03,3,1,1,1,15,1,1,1,3.33
bb37294dacd732bf3e651ecbbe80fea8,8,DataUnderstanding,Intervention,2,0,0.88,3,1,1,1,15,1,1,1,3.33
bb37294dacd732bf3e651ecbbe80fea8,7,DataUnderstanding,Baseline,2,1,2.13,3,1,1,1,15,1,1,1,3.33
bb37294dacd732bf3e651ecbbe80fea8,3,Order&Grouping,Baseline,2,1,1.87,3,1,1,1,15,1,1,1,3.33
bb37294dacd732bf3e651ecbbe80fea8,4,Order&Grouping,Intervention,1,0,1.85,3,1,1,1,15,1,1,1,3.33
bb37294dacd732bf3e651ecbbe80fea8,8,DataUnderstanding,Intervention,1,0,1.78,3,1,1,1,15,2,1,1.2,3.50
7657ab0c9577eceff7d2c300878b4290,2,InforOverload,Intervention,2,1,5.28,2,6,0,4,16,6,2,3.60,5.67
7657ab0c9577eceff7d2c300878b4290,4,Order&Grouping,Intervention,2,0,6.35,2,10,0,6,12,8,6,6,7.00
7657ab0c9577eceff7d2c300878b4290,1,InforOverload,Baseline,1,1,2.85,2,8,0,2,16,6,2,3.6,5.67
7657ab0c9577eceff7d2c300878b4290,5,DataPresentation,Baseline,1,0,3.33,2,8,0,2,14,7,2,3.8,5.50
7657ab0c9577eceff7d2c300878b4290,2,InforOverload,Intervention,1,1,1.33,2,6,0,2,15,3,2,2.6,4.67
7657ab0c9577eceff7d2c300878b4290,8,DataUnderstanding,Intervention,2,1,1.75,2,4,0,2,18,2,2,2,4.67
7657ab0c9577eceff7d2c300878b4290,8,DataUnderstanding,Intervention,1,0,2.85,2,8,0,2,12,4,2,3.2,4.67
7657ab0c9577eceff7d2c300878b4290,5,DataPresentation,Baseline,2,1,2.73,2,4,0,2,14,4,2,2.4,4.33
7657ab0c9577eceff7d2c300878b4290,3,Order&Grouping,Baseline,1,0,1.72,2,3,0,2,20,2,2,1.8,4.83
7657ab0c9577eceff7d2c300878b4290,7,DataUnderstanding,Baseline,1,1,2.33,2,2,0,2,20,2,2,1.6,4.67
7657ab0c9577eceff7d2c300878b4290,4,Order&Grouping,Intervention,1,0,1.98,2,2,0,2,20,1,2,1.4,4.50
7657ab0c9577eceff7d2c300878b4290,6,DataPresentation,Intervention,2,1,2.37,2,1,0,2,18,1,1,1,3.83
7657ab0c9577eceff7d2c300878b4290,7,DataUnderstanding,Baseline,2,1,3.68,2,3,0,3,8,1,2,1.8,2.83
7657ab0c9577eceff7d2c300878b4290,6,DataPresentation,Intervention,1,1,1.85,2,3,0,3,14,1,1,1.6,3.67
7657ab0c9577eceff7d2c300878b4290,3,Order&Grouping,Baseline,2,0,1.98,2,1,0,2,17,1,1,1,3.67
7657ab0c9577eceff7d2c300878b4290,1,InforOverload,Baseline,2,1,2.83,2,3,1,1,20,3,0,1.6,4.67
6560893c80af051f6956b8e20eae4d69,5,DataPresentation,Baseline,2,1,5.30,4,10,3,0,20,4,20,7.40,9.50
6560893c80af051f6956b8e20eae4d69,2,InforOverload,Intervention,2,1,4.90,4,10,2,2,20,6,20,8,10.00
6560893c80af051f6956b8e20eae4d69,2,InforOverload,Intervention,1,1,1.12,4,1,1,1,20,1,20,4.8,7.33
6560893c80af051f6956b8e20eae4d69,3,Order&Grouping,Baseline,1,1,2.48,4,2,2,1,20,4,20,5.8,8.17
6560893c80af051f6956b8e20eae4d69,8,DataUnderstanding,Intervention,2,0,3.05,4,2,1,1,20,1,20,5,7.50
6560893c80af051f6956b8e20eae4d69,7,DataUnderstanding,Baseline,2,1,1.37,4,1,1,1,20,1,20,4.8,7.33
6560893c80af051f6956b8e20eae4d69,1,InforOverload,Baseline,1,0,1.70,4,1,1,1,20,1,20,4.8,7.33
6560893c80af051f6956b8e20eae4d69,6,DataPresentation,Intervention,1,1,1.77,4,1,1,1,20,1,20,4.8,7.33
6560893c80af051f6956b8e20eae4d69,1,InforOverload,Baseline,2,1,1.88,4,1,1,1,20,2,20,5,7.50
6560893c80af051f6956b8e20eae4d69,4,Order&Grouping,Intervention,1,0,2.60,4,6,1,1,20,3,20,6.2,8.50
6560893c80af051f6956b8e20eae4d69,6,DataPresentation,Intervention,2,1,1.75,4,4,1,1,20,1,20,5.4,7.83
6560893c80af051f6956b8e20eae4d69,4,Order&Grouping,Intervention,2,0,2.78,4,3,1,1,0,1,20,5.2,4.33
6560893c80af051f6956b8e20eae4d69,3,Order&Grouping,Baseline,2,1,1.55,4,1,1,1,20,1,20,4.8,7.33
6560893c80af051f6956b8e20eae4d69,8,DataUnderstanding,Intervention,1,1,4.22,4,13,4,1,10,6,20,8.8,9.00
6560893c80af051f6956b8e20eae4d69,5,DataPresentation,Baseline,1,1,1.10,4,1,1,1,20,1,20,4.8,7.33
6560893c80af051f6956b8e20eae4d69,7,DataUnderstanding,Baseline,1,1,2.50,4,2,2,0,20,6,1,2.2,5.17
ff598a77513af66fdc15da17207e5775,3,Order&Grouping,Baseline,1,0,3.83,2,12,2,2,12,2,6,4.80,6.00
ff598a77513af66fdc15da17207e5775,2,InforOverload,Intervention,1,1,3.67,2,4,4,3,14,4,0,3,4.83
ff598a77513af66fdc15da17207e5775,2,InforOverload,Intervention,2,0,5.03,2,14,8,18,2,12,8,12,10.33
ff598a77513af66fdc15da17207e5775,1,InforOverload,Baseline,2,1,1.33,2,1,1,1,20,1,0,0.8,4.00
ff598a77513af66fdc15da17207e5775,3,Order&Grouping,Baseline,2,0,6.05,2,16,12,20,6,18,6,14.4,13.00
ff598a77513af66fdc15da17207e5775,7,DataUnderstanding,Baseline,2,0,1.30,2,2,1,1,6,1,0,1,1.83
ff598a77513af66fdc15da17207e5775,8,DataUnderstanding,Intervention,2,1,1.27,2,1,1,1,20,0,0,0.6,3.83
ff598a77513af66fdc15da17207e5775,6,DataPresentation,Intervention,2,1,4.42,2,6,6,8,20,12,4,7.2,9.33
ff598a77513af66fdc15da17207e5775,5,DataPresentation,Baseline,1,0,4.20,2,12,8,14,20,16,10,12,13.33
ff598a77513af66fdc15da17207e5775,7,DataUnderstanding,Baseline,1,1,3.05,2,9,6,10,20,9,4,7.6,9.67
ff598a77513af66fdc15da17207e5775,8,DataUnderstanding,Intervention,1,1,4.48,2,20,14,18,20,20,10,16.4,17.00
ff598a77513af66fdc15da17207e5775,1,InforOverload,Baseline,1,0,1.08,2,4,1,1,16,1,0,1.4,3.83
ff598a77513af66fdc15da17207e5775,4,Order&Grouping,Intervention,1,1,2.73,2,4,11,3,19,3,0,4.2,6.67
ff598a77513af66fdc15da17207e5775,4,Order&Grouping,Intervention,2,1,1.90,2,3,3,4,16,1,0,2.2,4.50
ff598a77513af66fdc15da17207e5775,5,DataPresentation,Baseline,2,1,7.12,2,4,2,3,20,0,0,1.8,4.83
ff598a77513af66fdc15da17207e5775,6,DataPresentation,Intervention,1,1,2.97,2,7,4,5,20,4,0,4,6.67
4611ae65bf9dd47cfce637ff3fae62bb,4,Order&Grouping,Intervention,2,0,16.62,3,12,12,12,14,12,12,12.00,12.33
4611ae65bf9dd47cfce637ff3fae62bb,1,InforOverload,Baseline,2,1,3.68,3,8,6,10,12,8,12,8.8,9.33
4611ae65bf9dd47cfce637ff3fae62bb,3,Order&Grouping,Baseline,2,0,6.70,3,14,14,16,0,14,16,14.8,12.33
4611ae65bf9dd47cfce637ff3fae62bb,8,DataUnderstanding,Intervention,2,1,2.95,3,4,2,2,18,2,1,2.2,4.83
4611ae65bf9dd47cfce637ff3fae62bb,4,Order&Grouping,Intervention,1,0,7.15,3,8,8,8,16,8,6,7.6,9.00
4611ae65bf9dd47cfce637ff3fae62bb,6,DataPresentation,Intervention,1,0,4.00,3,8,6,6,12,8,6,6.8,7.67
4611ae65bf9dd47cfce637ff3fae62bb,2,InforOverload,Intervention,2,0,11.68,3,10,10,10,6,10,10,10,9.33
4611ae65bf9dd47cfce637ff3fae62bb,7,DataUnderstanding,Baseline,1,1,3.98,3,2,2,2,19,2,2,2,4.83
4611ae65bf9dd47cfce637ff3fae62bb,3,Order&Grouping,Baseline,1,1,19.23,3,8,8,6,8,6,6,6.8,7.00
4611ae65bf9dd47cfce637ff3fae62bb,1,InforOverload,Baseline,1,0,5.67,3,8,8,6,18,8,6,7.2,9.00
4611ae65bf9dd47cfce637ff3fae62bb,6,DataPresentation,Intervention,2,0,2.82,3,2,2,2,16,2,2,2,4.33
4611ae65bf9dd47cfce637ff3fae62bb,2,InforOverload,Intervention,1,1,3.32,3,2,2,2,17,2,2,2,4.50
4611ae65bf9dd47cfce637ff3fae62bb,8,DataUnderstanding,Intervention,1,0,4.62,3,2,2,2,14,2,4,2.4,4.33
4611ae65bf9dd47cfce637ff3fae62bb,7,DataUnderstanding,Baseline,2,1,3.90,3,1,1,1,18,1,0,0.8,3.67
4611ae65bf9dd47cfce637ff3fae62bb,5,DataPresentation,Baseline,1,0,2.30,3,1,1,0,19,0,0,0.4,3.50
4611ae65bf9dd47cfce637ff3fae62bb,5,DataPresentation,Baseline,2,1,3.25,3,4,4,4,12,4,4,4,5.33
8f1b5140f2e94d7a0b76b86a25134ca8,5,DataPresentation,Baseline,2,1,7.38,3,10,6,4,10,4,10,6.80,7.33
8f1b5140f2e94d7a0b76b86a25134ca8,6,DataPresentation,Intervention,1,0,17.15,3,6,4,2,15,2,2,3.2,5.17
8f1b5140f2e94d7a0b76b86a25134ca8,4,Order&Grouping,Intervention,2,0,10.55,3,15,8,10,10,14,6,10.6,10.50
8f1b5140f2e94d7a0b76b86a25134ca8,2,InforOverload,Intervention,1,1,7.65,3,10,4,6,16,2,8,6,7.67
8f1b5140f2e94d7a0b76b86a25134ca8,1,InforOverload,Baseline,1,0,5.67,3,4,2,2,14,1,2,2.2,4.17
8f1b5140f2e94d7a0b76b86a25134ca8,8,DataUnderstanding,Intervention,1,1,4.88,3,12,10,8,10,6,4,8,8.33
8f1b5140f2e94d7a0b76b86a25134ca8,1,InforOverload,Baseline,2,1,2.03,3,6,2,2,13,1,1,2.4,4.17
8f1b5140f2e94d7a0b76b86a25134ca8,2,InforOverload,Intervention,2,0,2.75,3,9,5,4,6,4,8,6,6.00
8f1b5140f2e94d7a0b76b86a25134ca8,8,DataUnderstanding,Intervention,2,0,3.13,3,8,6,4,13,4,2,4.8,6.17
8f1b5140f2e94d7a0b76b86a25134ca8,3,Order&Grouping,Baseline,1,1,4.42,3,10,8,6,4,9,11,8.8,8.00
8f1b5140f2e94d7a0b76b86a25134ca8,4,Order&Grouping,Intervention,1,0,2.52,3,4,2,1,10,1,1,1.8,3.17
8f1b5140f2e94d7a0b76b86a25134ca8,3,Order&Grouping,Baseline,2,0,2.63,3,0,0,0,0,2,2,0.8,0.67
8f1b5140f2e94d7a0b76b86a25134ca8,7,DataUnderstanding,Baseline,2,1,2.15,3,4,2,2,7,1,1,2,2.83
8f1b5140f2e94d7a0b76b86a25134ca8,7,DataUnderstanding,Baseline,1,0,4.93,3,6,4,4,6,8,6,5.6,5.67
8f1b5140f2e94d7a0b76b86a25134ca8,6,DataPresentation,Intervention,2,1,3.25,3,4,2,2,7,1,1,2,2.83
8f1b5140f2e94d7a0b76b86a25134ca8,5,DataPresentation,Baseline,1,0,1.60,3,2,2,2,10,1,1,1.6,3.00